name,district,cuisine,phone,website_url,reservation_url,place_id
「早安亞譜-興中店,南港區,早午餐,02 2783 5661,https://www.facebook.com/%E6%97%A9%E5%AE%89%E4%BA%9E%E8%AD%9C%E8%88%88%E4%B8%AD%E5%BA%97-100280088887854,,ChIJjcMN1u2rQjQR2TXnggAE0h8
1010湘 天母三越店,士林區,中式料理,02 2875 2955,http://www.1010restaurant.com/,,ChIJq6qqqgasQjQRUVuv8NetxkA
1010湘食堂 遠百信義店,信義區,中式料理,02 2729 0597,https://www.1010restaurant.com/,,ChIJ0SFCGyOrQjQRx-fDUrsYJvc
1021炭烤吐司-石牌致遠店,北投區,早午餐,02 2821 8353,,,ChIJibotTQCvQjQRrTBtFzaQncE
108早午餐（貴陽店),萬華區,早午餐,02 2311 6638,,,ChIJc9Q84qepQjQRbp2NUplR8x8
157料理,萬華區,台式料理,02 2314 3895,,,ChIJcQY8MKipQjQRUUFUWrZM7Fg
191 enjoy 早餐店,文山區,早午餐,02 2234 3191,https://www.facebook.com/pages/191enjoy-%E6%97%A9%E9%A4%90/399037973599001,,ChIJm0n_IGWqQjQR8o7BmQS0mm0
1975 Antique’s Cafe Tea Room,北投區,咖啡廳,02 2897 6885,https://www.facebook.com/743580522660711/,,ChIJ24oL92qvQjQRAgYcZh0ScI8
1985窯烤披薩(台北中山店),中山區,披薩,02 2515 1985,https://1985pizza.com.tw/,,ChIJW0OQrW6rQjQRTBBxz1LZCdw
1996 COFFEE,北投區,咖啡廳,02 2898 5289,https://instagram.com/1996_coffee?igshid=YmMyMTA2M2Y=,,ChIJ4cQJ4KivQjQR1Tvuk-F3hxo
201 Cafe Restaurant,萬華區,咖啡廳,02 2312 2273,,,ChIJh3gOxAmpQjQRnmo-kWg8e_Y
2018搞食堂,內湖區,中式料理,02 2631 5679,,,ChIJY60vUo2tQjQRwPwb4_mJCOQ
208早餐,北投區,早午餐,02 2821 1237,,,ChIJnYxSleuvQjQRVJKzqV8upU4
272早午餐,大同區,早午餐,02 2595 3201,,,ChIJtw5OakipQjQRbMVgZ25379M
292早餐店,士林區,早午餐,02 2883 4253,,,ChIJgdysVU2vQjQRuq5CG1Ya-b4
29號館 義大利麵,大安區,義大利料理,02 2706 6577,https://www.facebook.com/No.29thPastaRestaurant,,ChIJu1lFmSuqQjQRk53G7FFCMNo
30小時老麵吐司,內湖區,烘焙/甜點,02 2630 8050,,,ChIJJTPZCnStQjQRIYdV7Je_P8E
313鵝肉擔,北投區,中式料理,02 2826 1751,https://www.facebook.com/pages/313%E9%B5%9D%E8%82%89%E6%94%A4/122464341164582,,ChIJgUo_u46uQjQRTuXU4tZmReM
4+ Break Breakfast,中山區,早午餐,02 2507 3505,https://www.facebook.com/4breakbreakfast/,,ChIJLYuEGmKpQjQRPcp6vt8pTnM
55号BRUNCH早餐店,內湖區,早午餐,02 2634 2821,,,ChIJvzjuDb2sQjQReX8NDADrayk
86義大利麵,士林區,義大利料理,02 2838 1689,https://www.facebook.com/86fresh/,,ChIJLdS6e-yvQjQRPR4mQ-uDddo
92水鳥,北投區,西班牙料理,02 2858 8668,https://www.tapashouse.com.tw/tapas92,,ChIJdYbLUxOvQjQRfTcV2nf560Q
一間咖啡花茶簡餐店,中正區,咖啡廳,02 2388 9688,https://www.facebook.com/pages/J%E4%B8%80%E9%96%93%E5%92%96%E5%95%A1%E8%8A%B1%E8%8C%B6%E7%B0%A1%E9%A4%90/254929871269940,,ChIJ_at8yxipQjQRoy_8Sfl7fjk
一鑫(一心)鵝肉,萬華區,中式料理,02 2306 8838,,,ChIJv3Jm0qipQjQRO4TqszGi_fc
九日咖啡（老店）9 Days Coffee,萬華區,咖啡廳,02 2306 2885,,,ChIJxzPiMampQjQR7lFBc-z3SSs
九如 義大利麵 蛋包飯,中山區,義大利料理,02 2542 3321,,,ChIJQ7TFVlmpQjQRuitpST9NrpY
九湯屋日式拉麵 台北士林中正店,士林區,拉麵,02 2831 0190,,,ChIJV3gdP2ivQjQRGIffCx1zcsM
九點零一分韓式早午餐,中山區,韓式料理,0908 163 036,https://myppt.cc/JUekn,,ChIJFVHeZlypQjQRn6Cbt_jLTD0
八方悅日式鍋物 北投永興店,北投區,火鍋,02 8228 7399,https://8funyay.com/,,ChIJk0LydwWvQjQRaRVaP2OOp3o
八藤家,士林區,日式料理,02 2875 3063,https://www.instagram.com/abc28753185/,,ChIJZcgOlIeuQjQRutc16fs58Hg
十得私廚-台菜料理,,中式料理,0933 737 893,https://shidecomtw.com/,,ChIJ929ecNCrQjQRDBlncDmASXA
三亞米售完提早打烊，最後點菜16:30,信義區,早午餐,02 2346 0002,,,ChIJSWJDv_SrQjQR5qvn_mwEjwU
三隻猴子美食廚房 3 Monkeys kitchen,信義區,披薩,02 2662 0055,https://www.facebook.com/3-monkeys-%E4%B8%89%E9%9A%BB%E7%8C%B4%E5%AD%90%E7%BE%8E%E9%A3%9F%E5%BB%9A%E6%88%BF-107222184809211/,,ChIJ0VQM3aKrQjQRUZ8FG4sSA-s
上山採覓,中山區,早午餐,02 2517 0709,https://lifemoun.tw/,,ChIJc1u3TfurQjQRskNy0tE9hCg
上享庭園餐廳,北投區,中式料理,02 2894 1808,https://inline.app/booking/-LmdC7mfh9gjasAHdJAx:inline-live-1/-LmdC8C0kQOPWfguGvlm?language=zh-tw,,ChIJg2MM8VGuQjQRF16ushVKQGw
上品客家小館,信義區,中式料理,02 2758 0045,http://www.facebook.com/changmama269,,ChIJN7t0M02qQjQR30gCnEEMbhw
上海宴,大安區,中式料理,0989 936 108,https://www.facebook.com/shanghaiyan888/,,ChIJnclSGvKrQjQRnGBYr16yeU0
上海鄉村 濟南店,中正區,中式料理,02 2322 3333,http://www.shanghaikitchen.com.tw/,,ChIJX8eX-HapQjQRy9LwKA9dxCM
千螢早餐店,大安區,早午餐,02 2755 7760,,,ChIJ_9PRANKrQjQRbo33FDEvocI
大一女美食餐廳,大安區,自助餐,02 8369 5637,,,ChIJQQ4fUYqpQjQRo8HegHH7Yew
大戶屋 台北凱撒店,中正區,日式料理,02 2361 2377,http://www.ootoya.com.tw/,,ChIJubOd-nKpQjQR9ZIk7V6t7WE
大戶屋 松山車站店,信義區,日式料理,02 2528 7775,http://www.ootoya.com.tw/,,ChIJS2oVop6rQjQRF7WCG3-Tzwk
大戶屋 統一時代台北店,信義區,日式料理,02 8978 0886,http://www.ootoya.com.tw/,,ChIJ3259YLmrQjQRvk0pEymzGXQ
大戶屋行天宮站店,,日式料理,02 2562 5811,,,ChIJGeUSyV6pQjQR3ChjSq2Pzmc
大戶屋東湖店,內湖區,日式料理,02 2633 8839,http://www.ootoya.com.tw/,,ChIJia7qaLusQjQRKvLJZQ-O7g4
大戶屋新北投店,北投區,日式料理,02 2895 1255,http://www.ootoya.com.tw/,,ChIJgcXkf1CuQjQRc3SOGvEDkvk
大戶屋誠品南西店,中山區,日式料理,02 2531 1808,http://www.ootoya.com.tw/,,ChIJuX3KNWipQjQROrWPgPThYhc
大木屋,士林區,日式料理,02 8866 1882,,,ChIJdx-Kr5OvQjQR7EqeVkiFsWk
大城早午餐,萬華區,早午餐,02 2308 5878,https://www.facebook.com/%E5%A4%A7%E5%9F%8E%E6%97%A9%E5%8D%88%E9%A4%90-1628353847381724/,,ChIJcY8PAKepQjQR2amPr6VDbIo
大春廚房,內湖區,義大利料理,0987 944 284,https://www.facebook.com/%E5%A4%A7%E6%98%A5%E7%BE%A9%E5%A4%A7%E5%88%A9%E9%BA%B5-2229061397338336/,,ChIJb5lNxSqtQjQRf59m5TxmF_o
大為廚坊,士林區,台式料理,02 2871 7766,https://www.facebook.com/%E5%A4%A7%E7%82%BA%E5%BB%9A%E5%9D%8A-636545429821565/,,ChIJr_Ztmn2uQjQRvLHz4FTo-_Q
大院子,大安區,西式料理,02 2369 7357,https://www.facebook.com/TheHistoricalGrandCourtyard/,,ChIJE3nu7rWpQjQRaQOvDIWq5FM
大烹小饌 福客粥,松山區,中式料理,02 2747 6261,https://www.greathuta.com/,,ChIJb8PqPa2rQjQRFccELUVuSlo
大勝手作早午餐內湖店,內湖區,早午餐,0912 446 255,,,ChIJedKtv4atQjQRWnFLUWmqUTA
大象飯館(大象吃咖哩2.0),大同區,日式料理,02 2599 5595,,,ChIJ5c_DMaKpQjQRvlJFgB4AboI
大蒜義式加州廚房,信義區,義大利料理,02 2758 5918,,,ChIJC8EevbSrQjQRptByC6VR5rk
大樹先生的家,大安區,複合式料理,02 3393 3313,https://mr-tree.webnode.tw/,,ChIJaSZ-CpupQjQRaqvVbaJ4FaM
女娘的店,士林區,中式料理,02 2874 1981,https://redlantern.eatingout.com.tw/catalog.asp,,ChIJ24Za5H-uQjQRVinjqQDbZUo
子木咖啡,松山區,咖啡廳,02 2713 4890,,,ChIJBy9WAHyrQjQRCDU8Cp-PLAc
小日子lazyday,文山區,咖啡廳,02 2301 7070,https://www.facebook.com/lazyday,,ChIJjTvL5jEAaDQRNmeCT3xxzxU
小皮蛋食堂,中山區,早午餐,0982 178 655,https://portal.wifiotg.com/activities/E4gnJlvmW/link/QaNXGbOQl?campaignId=E4gnJlvmW&campaignType=activity&sourceType=links&businessId=P_6JLEqvq0N,,ChIJg46c7XqpQjQRteb5r9TthIg
小肚子私房料理,士林區,台式料理,02 2832 2520,https://store.dudooeat.com/order/store/9f863c236d1448bcb4145f31e2fb9cc8,,ChIJsU0If6ivQjQRwIx85Fv2f_o
小豆島日式烏龍麵(石牌形象店),北投區,日式料理,02 2828 3368,,,ChIJ3WmlLQCvQjQRVKI5zuRlEsU
小旺號 - 公館店,中正區,早午餐,02 2367 8716,http://www.showwant.com.tw/,,ChIJJZUgxIqpQjQRNgt_MjaUBB0
小南風咖啡 Minami Cafe,大安區,咖啡廳,02 2362 2737,https://minamicafe.carrd.co/,,ChIJufENh4-pQjQR97xj6L-J9eo
小南港-懶人私廚,南港區,早午餐,0905 271 685,http://www.facebook.com/Nankang2014,,ChIJbxyLRlirQjQRRO4iZVRY6Uc
小紅花Cafe,北投區,早午餐,0981 097 975,,,ChIJr3yJdCivQjQRTw7whA_c6VU
小庭院泰食,內湖區,泰式料理,02 2657 1460,https://xiaotingyuan.weebly.com/,,ChIJdUh_TNGtQjQRQVbtYiPl_1w
小紐約披薩 中山店 LNYPIZZA Little New York Pizzeria Zhongshan,中山區,披薩,02 2511 0105,https://www.facebook.com/lnyzhongshan/?modal=admin_todo_tour,,ChIJNb6GQrWpQjQRImUqecT3qcQ
小紐約披薩 敦南店 LNYPIZZA Dunnan little New York pizzeria,,披薩,02 2579 6692,https://www.instagram.com/,,ChIJ0cV-48OrQjQRnS93QuZM59k
小院子⋄特色地方熱炒⋄陝西外省⋄麵食⋄飯類⋄,松山區,中式料理,02 3765 1103,https://xiaoyuanzi-rechao.weebly.com/,,ChIJB8HhqYurQjQRSOLmsl5TQFQ
小飯館兒,中正區,韓式料理,02 2369 8800,,,ChIJVVVVVRWsQjQRmPdlBQr3qys
小義城義大利麵 本店 ( 松山 ),松山區,義大利料理,02 2747 6653,https://www.facebook.com/easonpasta,,ChIJtQu-B5yrQjQRnaOoD4-V3VY
小蒔日咖哩,大同區,日式料理,02 2559 0100,,,ChIJeWZB7-upQjQR2XDGRe7nT_I
小器食堂微風南山店,信義區,日式料理,02 2723 0979,https://thexiaoqi.com/,,ChIJo7MDdNOrQjQRHj-ZspLJxYw
小樹天然早午餐,內湖區,早午餐,02 2630 5807,https://www.facebook.com/profile.php?id=100043052007030,,ChIJtb9NmICsQjQRnd1IUZ7oRaY
小鬍子丼ヒゲちゃん,萬華區,日式料理,02 2314 3554,,,ChIJsyC8HAmpQjQRJhlFsK6wvYA
山本漢堡排,大安區,日式料理,02 2711 3816,https://www.facebook.com/orehan.taiwan/,,ChIJ2S6bSsarQjQRoYoAwWWKZGM
山边咖啡 Brae Café,北投區,咖啡廳,02 2893 9325,https://www.facebook.com/BraeCafe,,ChIJk7jbcxKvQjQR-HWxzlgfSLY
川揚郁坊小館,中正區,中式料理,02 2331 1117,https://www.facebook.com/yufang.restaurant/,,ChIJYzULsKapQjQRYydje7x5Uv8
不萊梅 圓山店,大同區,義大利料理,02 2591 3005,https://www.facebook.com/Bremen%E4%B8%8D%E8%90%8A%E6%A2%85%E5%9C%93%E5%B1%B1%E5%BA%97-1106337509513940/?__tn__=%2Cdk*F*F-R&eid=ARCIUbJqKJ3v1yQ0LjZgXVfLuoJF5SIWsRbq4IiTp0yCyEw3SVQZeR0gVvMnswnBn5G5XTQxcEMNMyTh&tn-str=k*F,,ChIJe0uG6WupQjQRuMuJa1-1YQE
不想早起 get up,南港區,早午餐,02 2783 9873,https://linktr.ee/getup1025,,ChIJZ86q7YarQjQR-xBj0x1I8lQ
中子廚房,大同區,複合式料理,0911 503 608,https://www.facebook.com/CTctKitchen,,ChIJ9WtGHK2pQjQRSLa412XJHU4
中南58 手作•輕•飲•食,南港區,咖啡廳,0937 623 477,https://www.facebook.com/zhongnan58?mibextid=ZbWKwL,,ChIJk2LX-RqrQjQRSS2nzlB6eUA
中原早午餐,中山區,早午餐,02 2523 2006,,,ChIJkbHoPeGpQjQRfrtDD6SufVY
中華樓,中山區,中式料理,02 2506 7858,,,ChIJx7BexjypQjQRxzd5depLb-I
丰園小館,士林區,中式料理,02 2832 0688,https://lin.ee/UiZYpKn,,ChIJ_1s2eRKvQjQR0hdltagyk1M
五年九班,中山區,早午餐,02 2828 0056,https://www.facebook.com/people/%E4%BA%94%E5%B9%B4%E4%B9%9D%E7%8F%AD/100063997003742/,,ChIJrQJK7oyuQjQRiFNJVkxDYBU
元炁小鎮早午餐,,早午餐,02 2640 2274,,,ChIJlVpcPr2rQjQRT1GbZBFRr9w
六年13班 複合式餐飲,信義區,複合式餐飲,02 8786 2201,,,ChIJvwXRVKGrQjQRRybMDkwdL2k
六堆伙房 北車站前店,中正區,中式料理,02 2389 6139,https://www.liouduai.com.tw/,,ChIJz6ZRGACpQjQRvBPKifsQQXo
勾勾漢堡早午餐,南港區,美式料理,02 2789 3936,https://www.facebook.com/profile.php?id=100063935056922,,ChIJN2doL1qrQjQR75pbsQemcKQ
化石先生Mr. Fossil 貓熊餐廳,文山區,義大利料理,02 2939 8151,https://www.mrfossil.com.tw/,,ChIJhcugMgKrQjQRsBPxJXoZMgw
午食在,松山區,台式料理,02 2752 5510,,,ChIJkSPQRqqrQjQRQAm7CU-MQPQ
及食早午餐,北投區,早午餐,0925 032 019,,,ChIJ5wXpDCCvQjQRi2voKKlIiwk
双胞胎手工蛋餅捲ㄦ,士林區,早午餐,02 2882 5529,https://www.facebook.com/twinsomelette/,,ChIJmwqOmKSuQjQRWlu_u6CJh80
天母紅瓦厝客家餐廳,士林區,中式料理,02 2876 7407,,,ChIJz33cy4auQjQR65Hx_CQE9VU
天母omocafe 早午餐,,早午餐,02 2834 1668,https://www.facebook.com/%E5%A4%A9%E6%AF%8Domocaf%C3%A9-303954116805736/?ref=bookmarks,,ChIJjQVas5CuQjQRoAjioyEGYnA
天空廚房,北投區,複合式料理,0903 004 848,,,ChIJu7beqj2vQjQRHONTMfd4CmA
太陽蕃茄拉麵 站前本店,中正區,拉麵,02 2361 7188,https://www.facebook.com/Taiyotomato.tw,,ChIJHzxo8HKpQjQRBfRxUW6538E
巴西里小館,內湖區,中式料理,02 2796 8098,http://www.facebook.com/parsleybistro,,ChIJpffEL-2sQjQR8QGHG2t4hJo
巴特咬吐司,內湖區,早午餐,02 8797 1221,,,ChIJD044UFytQjQRc2pdLITKvgE
巴登咖啡（台北天母店）,士林區,咖啡廳,02 2873 4024,http://www.barden.com.tw/,,ChIJj4UWNH6uQjQR-Bw-4r4hnTE
方石頭早午餐,內湖區,早午餐,02 2627 7877,https://www.facebook.com/FunStone2017/,,ChIJzXqVnm6sQjQR5X0s3e-tGys
日日香小館,大安區,中式料理,02 2702 5735,https://www.facebook.com/DayDayAroma/,,ChIJteVMpiuqQjQR7gZef2PvpVA
日禾町-丼飯專門店,中山區,日式料理,0917 116 129,,,ChIJ5223sNSpQjQRSh1w76UAFig
日安精緻早午餐店,信義區,早午餐,02 2759 8133,,,ChIJqXstuaWrQjQRQKbJCTfGMMs
日式洋麵館 麵日和,中山區,義大利料理,02 2568 3135,https://www.facebook.com/share/1J9L5dvFuw/?mibextid=wwXIfr,,ChIJs48d5mipQjQRgxpTg-qw1y4
日式攤日式食堂,士林區,日式料理,02 2880 3918,https://www.facebook.com/%E6%97%A5%E5%BC%8F%E6%94%A4-489711974387491/,,ChIJly83rLyuQjQRV8lqDPDM7kg
日栖食居下酒菜-台北平價碳烤,北投區,日式料理,02 2897 6222,https://www.facebook.com/share/1BBBZmPcB1/?mibextid=wwXIfr,,ChIJmVYrFACvQjQRIyBie8cp9Ek
日森軒 和洋料理,南港區,日式料理,02 2653 8057,https://www.instagram.com/nichimoriken?igsh=Z3B0MnFnMXI5eTRt,,ChIJuTb8XQCtQjQRVwH92PTeyKU
木子豚日式豬排,士林區,日式料理,02 2883 1692,https://www.facebook.com/%E6%9C%A8%E5%AD%90%E8%B1%9A-100367431638753/,,ChIJZ_SPz8GpQjQRcrvZHaeHces
比比早午餐,南港區,早午餐,0980 676 487,,,ChIJj-qVUQCrQjQRs846oJV2pkI
水鳥公園52號,北投區,歐陸料理,02 2858 3377,https://www.tapashouse.com.tw/bistro52,,ChIJSXag0BKvQjQR2r-f-_NIhZo
水蛙家,中正區,台式料理,02 2351 3502,,,ChIJncAcXYypQjQRRxSiHwm5-P0
火月 咖啡.餐.酒館 F.M. Cafe & Bistro,中山區,法式料理,02 2541 2218,,,ChIJx0bCJy6pQjQRGFbyiEYDeqQ
王品牛排 台北中山北店,中山區,牛排館,02 2536 1350,https://www.wangsteak.com.tw/,,ChIJVz_H32ipQjQRDDbDTPoI01Q
王家小館,內湖區,中式料理,0935 434 088,,,ChIJwwg1yqSsQjQRvlVdhq-2gdo
丘一司早午餐行天宮,中山區,早午餐,02 2504 7659,https://www.facebook.com/%E4%B8%98%E5%BD%BC%E7%89%B9%E6%97%A9%E5%8D%88%E9%A4%90Cupid-169236296440111/,,ChIJ9TaT71ipQjQR4Scb1Ixnomk
丘一司早午餐瑞光,內湖區,早午餐,02 2659 0734,https://iding.tw/stores/f41884c7/menu/%E4%B8%98%E4%B8%80%E5%8F%B8%20%E5%85%A7%E6%B9%96%E5%8D%80%E7%91%9E%E5%85%89%E5%BA%97,,ChIJt7q2W1etQjQR5enSm2KBcXs
令和博多拉麵,內湖區,日式料理,02 2633 9000,https://www.facebook.com/profile.php?id=61559236584603&mibextid=JRoKGi,,ChIJS1tUZACtQjQRa-AoAaWT-8M
凹屋珈琲,士林區,咖啡廳,0975 878 675,https://instagram.com/awoo_kohii,,ChIJZ5vfxPOvQjQRQ4l-DizRSXk
加寶多早午餐店,中正區,早午餐,0912 189 827,,,ChIJ0eBcW7ipQjQRVDXcHDenjuU
北平采芝樓餐廳,信義區,中式料理,02 2761 4333,http://www.peking.com.tw/,,ChIJvQj5dJirQjQRj0D-DQwizDU
北投享樂早餐吧,北投區,早午餐,02 2894 6161,,,ChIJs4YuaK2vQjQRrvXDxF1AF0M
北緯二十五,信義區,咖啡廳,02 6622 8018,http://www.lemeridien-taipei.com/#/cuisine/4,,ChIJx5xcVLqrQjQRefj2K5gdaZo
卡好食堂,南港區,日式料理,0966 679 162,https://www.facebook.com/pages/category/Donburi-Restaurant/%E5%8D%A1%E5%A5%BD%E9%A3%9F%E5%A0%82-115003966544971/,,ChIJZUThIK6rQjQRKqXJzCnThHI
卡洛斯工坊,士林區,義大利料理,0975 229 528,https://instagram.com/carlos__studio?r=nametag,,ChIJn72PuIutQjQRE74FuUzNke0
卡賀廚房早午餐（巨蛋南京店）,松山區,早午餐,02 8770 7818,,,ChIJbVX_de-rQjQR_GoMzPwOjNU
卡頌披薩工坊,中山區,披薩,02 2501 0110,,,ChIJffrnHuGrQjQRAkbFMOqWVLs
古摩尼 GOOD MORNING,中山區,早午餐,02 2508 0855,,,ChIJS72tQS6pQjQRYdRsgI8Ay-E
只有我在做,內湖區,早午餐,,https://customer.posky.net/store/b4e6c58b-3860-45d4-8b9f-4901403614f5/menu?openExternalBrowser=1,,ChIJHdoY6IetQjQRCKz8TiLjCQ0
可可熱壓吐司（早午餐）,內湖區,早午餐,0958 358 232,https://instagram.com/coco__toast?utm_medium=copy_link,,ChIJx7sOp-mtQjQRMzdKR06o0rE
可來富麵包蛋餅店（內湖店）早午餐營業到14:00,內湖區,烘焙/甜點,02 2658 1211,https://liff.line.me/1645278921-kWRPP32q?accountId=197lrcfg&openerPlatform=native&openerKey=unifiedSearch#mst_challenge=HscEQkalm0M-7DfTTzrrGTChnM8pQbIscNRRt4EVPtk,,ChIJpSLkimKsQjQRV3P6SI-arGs
可蜜達吐司（北門店）,中正區,早午餐,0916 678 489,https://page.line.me/121zcrat,,ChIJj3oVX-GpQjQR4dbvBh0_Nb0
台北。初早餐,內湖區,早午餐,02 2630 5253,,,ChIJF4epouqtQjQRaUs5saTsmcg
台北喜來登大飯店-請客樓,中正區,中式料理,02 2321 1818,http://www.sheratongrandtaipei.com/websev?lang=zh-tw&ref=pages&cat=2&id=18,,ChIJJVBTsHGpQjQRujvx-I3zXPI
四川龍府,內湖區,中式料理,02 2630 5282,http://lungrestaurant.oddle.me/,,ChIJ-_bMiiitQjQRVwXUA-8CaPs
四姊的意大利麵,內湖區,義大利料理,02 2633 1006,https://www.facebook.com/%E5%9B%9B%E5%A7%8A%E7%9A%84%E7%BE%A9%E5%A4%A7%E5%88%A9%E9%BA%B5-197610240262893/,,ChIJd4z7Br2sQjQRultjCzD1yv4
四哥的店,文山區,中式料理,02 2939 2832,http://cctea.com.tw/,,ChIJHbs61jEAaDQRaDrp756YR4g
四維咖啡商號 Cafe4way 民生社區咖啡廳 提拉米蘇 昭和布丁,松山區,咖啡廳,02 3765 5088,https://www.cafe4way.com.tw/,,ChIJ4wxUtBWoQjQRmgSDVP95tgE
夯麵坊(東湖店),內湖區,義大利料理,02 2634 3000,https://www.facebook.com/hhotpasta/,,ChIJNT23IbusQjQRB25-jnPQOQU
夯麵坊成功店,內湖區,義大利料理,02 2794 3222,https://facebook.com/%E5%85%A7%E6%B9%96%E5%A4%AF%E9%BA%B5%E5%9D%8A-165397150176093/,,ChIJA1MGT4ysQjQRE42zUygB3bs
巧味軒早午餐店,信義區,早午餐,02 8789 2565,,,ChIJzSUlFKSrQjQR1LY9ywUZ0oM
巧果子,士林區,咖啡廳,02 2836 3078,http://www.facebook.com/spaghettionly/,,ChIJhxfETbyuQjQRmD7M7JYcSXk
布克湖義式坊,內湖區,義大利料理,02 2627 5581,https://m.facebook.com/pages/%E5%B8%83%E5%85%8B%E6%B9%96%E7%BE%A9%E5%BC%8F%E5%9D%8A/128469533892300,,ChIJ7wS6wmKsQjQRxU50zTjtGg0
布咯漢堡 BURGER,北投區,早午餐,02 2822 1393,https://morning-api.cinpos.com/line-online/scan/qrcode/696020,,ChIJ-xdRFYuuQjQRLkIxuLlhl3U
布查花園法式料理 金華,大安區,法式料理,02 2395 9572,http://lescargots.eatingout.com.tw/,,ChIJMVwDd4OpQjQRE1PT6aGqzSw
布朗尼咖啡餐廳Brownies Cafe,信義區,咖啡廳,02 8786 0833,,,ChIJzyk2-LirQjQRQy3ZVyOSYXk
布納咖啡館 信義館,信義區,小酒館/餐酒館,02 2758 9886,http://www.buna.com.tw/,,ChIJOSbdSz2rQjQRtqbdUdBUfr8
弘弘朝食（南港1店）,南港區,早午餐,02 2653 3456,https://www.facebook.com/Thor0709,,ChIJg1GiGNWrQjQRJZu26Qf5DU0
必勝客 石牌致遠店,北投區,披薩,02 2823 0800,https://www.pizzahut.com.tw/,,ChIJTZdhJ5OuQjQRc3k35AVkjHA
必勝客 光復餐廳店,大安區,披薩,02 2776 6600,https://www.pizzahut.com.tw/,,ChIJdZ60BserQjQR3cKEXVMVFBU
未來咖啡Dream Caf'e,中山區,咖啡廳,02 2567 6810,https://www.facebook.com/616DreamCafe,,ChIJ0Y1KaFmpQjQRk0x7ylPDjq0
正紅早午餐,松山區,早午餐,02 2742 2215,,,ChIJtVj_EfWrQjQRjf8tZaifihk
正當冰台北劍潭店 簡餐貓咪咖啡廳,士林區,早午餐,02 2891 9117,https://store.dudooeat.com/orderv2/menu/8f8ed466dd6c487998dfde3c0b45b8a5,,ChIJyTjg-oCvQjQRhwEWEuKnZvU
民彩,大安區,韓式料理,02 2705 9896,,,ChIJ3T8zRs6rQjQRjBJiUOZkbMI
民樂園私廚,大同區,中式料理,02 2550 1280,https://www.ecoaka.com/eat-drink/aka-cafe,,ChIJzwJyNACpQjQRHdGFtGIMWdw
永心鳳茶奶茶專門所 YONSHIN MILKTEA MANSION,信義區,台式料理,02 2722 0876,https://linktr.ee/ymtmatre,,ChIJx9kLTcCrQjQReOhQ7rph6sY
永吉川湘小館,大同區,中式料理,02 2557 0787,,,ChIJx-Xy80CpQjQRGgJv-W5sa_A
永和豆漿（公館臺大店）,中正區,早午餐,02 2364 3733,,,ChIJ3QVC-o2pQjQRCp7DPyA_6tY
汁男炭烤吐司,中山區,早午餐,02 2516 6408,https://www.facebook.com/juicyman3p/,,ChIJOX3oZ4WpQjQR1_QfTeS95Hg
玉米田精緻早午餐,中山區,早午餐,02 2562 4797,https://lin.ee/trnpwkd,,ChIJB_tqmlupQjQRcIEdtW3HBhg
瓦尼 Wani 美式早午餐,北投區,美式料理,02 2896 5143,https://www.facebook.com/WaniDeliciousFood/,,ChIJjfknu1mvQjQRhh4f8KGxXUg
瓦城泰國料理 - 內湖CITYLINK店,內湖區,泰式料理,02 2791 2869,https://www.thaitown.com.tw/,,ChIJVzxM98-tQjQRyEkinqwEW_o
瓦城泰國料理 - 松山車站店,信義區,泰式料理,02 2528 1080,https://www.thaitown.com.tw/,,ChIJG1dfpJ6rQjQR380hhnhku44
瓦城泰國料理 - 南港車站店,南港區,泰式料理,02 2785 6522,http://www.thaitown.com.tw/,,ChIJj85vZ2erQjQRjb9xUwVQaNM
瓦城泰國料理 - 微風信義店,信義區,泰式料理,02 2758 2329,https://www.thaitown.com.tw/,,ChIJ5TAl0gerQjQRy-PEPP0RNuE
田中園 內湖店,內湖區,燒肉,02 2794 0194,https://cat741214.pixnet.net/blog/post/65218546-%E3%80%94%E8%A4%87%E5%90%88%E5%BC%8F%2A%E5%85%A7%E6%B9%96%E3%80%95%E5%AD%B8%E7%94%9F%E6%99%82%E6%9C%9F%E5%9B%9E%E6%86%B6%E8%B5%B7~~%E7%94%B0%E4%B8%AD%E5%9C%92%E6%B3%A1%E6%B2%AB,,ChIJ4Z8YGY2sQjQRxOZSCQRmIWw
田中園(微風南京店）,松山區,中式料理,02 2718 1910,https://tanakagarden.tw/,,ChIJNR6EwOerQjQRdm-NnC3KFgg
甲蟲秘境,士林區,親子餐廳,02 2832 2528,https://inline.app/booking/-Ms-c35Cl4tkU6gcEp95:inline-live-2/-Ms-c3J2V-OLEqlouoG3?language=zh-tw,,ChIJsS8FHNyvQjQRwtaRVpPMyAI
白菜小姐義式坊,內湖區,義大利料理,02 2659 9066,,,ChIJFRwCvjitQjQRIUW3FrHbvlw
目覺北城,,咖啡廳,02 2939 0888,https://lin.ee/gwAjBNw,,ChIJT13kE7oBaDQRJqx1uICsGL8
石頭厝大腸麵線（文山景福店）,文山區,早午餐,02 2930 2960,,,ChIJ6a7GUAmrQjQRdL5fxkvmn1o
伊通早午餐,中山區,早午餐,02 2501 0606,,,ChIJ24Gr1pCpQjQRwJxVdWdCKeA
伍食 No.510,內湖區,早午餐,02 2633 5677,,,ChIJr2qjPjytQjQRYuB3XERAgv8
光一一個時間 ( 生態池旁綠色建築 ),信義區,早午餐,02 2767 6300,https://lihi.cc/GN0v4,,ChIJb0aUA5SrQjQRZ9tlUfw2QNM
光一肆號,大安區,早午餐,02 2362 2211,https://lihi.cc/jlbfb,,ChIJ96O7DYmpQjQRwXiR9EspgkQ
光司DATE 義大利麵 大安店,大安區,義大利料理,02 2707 0330,https://m.facebook.com/kojiTaiwan/,,ChIJC__DU9KrQjQR3iQYdYuTS9c
光羽塩 Lytea,文山區,中式料理,02 2939 4050,,,ChIJt2u2gy0AaDQRbepuf1Gp6Lw
共味食光 HotelFloor,內湖區,義大利料理,02 2633 8555#2,https://www.dahuparkhotel.com.tw/restaurant/hotel-floor-restaurant-bar/,,ChIJ--MWv0GtQjQRyoI54_BoueY
吃吃看,士林區,義大利料理,02 2871 4678,https://tasters.waca.tw/,,ChIJz_Jc9oauQjQRlL4F-pTtP-M
吃吃看小館 台北老味道餐廳,萬華區,中式料理,02 2371 7555,https://www.facebook.com/cometoChiChiKan/,,ChIJRxp9m6epQjQRct-a8HKEDR4
吃吐趣,中正區,早午餐,02 2368 6038,,,ChIJy5OO95CpQjQRmTF5ixz9gAg
吉比鮮釀餐廳 南港店 GBA Brewery Restaurant - Nangang Store,南港區,美式料理,02 2788 9788,https://www.gbarestaurants.com.tw/,,ChIJY89PgVWtQjQRoFNDl1RMkWE
吉恩日輕食。咖啡,,咖啡廳,02 2341 5553,,,ChIJoW3YjXepQjQR4M9KcORUV2w
吉祥小館,士林區,中式料理,02 2838 3250,https://www.facebook.com/%E5%B0%8F%E8%83%96-%E5%90%89%E7%A5%A5%E5%B0%8F%E9%A4%A8-598425126888171/info/?tab=page_info,,ChIJHZ56gp6uQjQRYaoc4dyx2lM
吉諾義麵屋,信義區,義大利料理,02 2726 9020,,,ChIJc2PglqarQjQRg7AhUmcj8Jk
同安樂,大同區,台式料理,02 2557 6939,https://www.facebook.com/Taipeiness,,ChIJmTvw8BWpQjQRnJz6yNEbGVs
名順海鮮料理,內湖區,中式料理,02 2633 2217,,,ChIJWaAsubqsQjQRf7ZcgWiLzDE
吐思餐坊,南港區,早午餐,02 2783 5526,https://lin.ee/sRLbyBJ,,ChIJd8jrqxGrQjQRIr47VXIAZ2M
吐YOU 吐ME - 碳烤吐司專賣,松山區,早午餐,02 2719 0856,https://www.facebook.com/pg/%E5%90%90YOU-%E5%90%90ME-%E7%A2%B3%E7%83%A4%E5%90%90%E5%8F%B8%E5%B0%88%E8%B3%A3-316883455572913/photos/?tab=album&album_id=322613244999934,,ChIJzdL98uarQjQRbNNUi3I9oFo
向日葵精緻早午餐,中山區,早午餐,02 2517 6613,,,ChIJzS5q1eWrQjQRV6FkvITjCc4
吖香堡早午餐屋,松山區,早午餐,02 2764 7223,,,ChIJgSfu9eyrQjQRTOZ8FiEI5l0
好口福早午餐,中山區,早午餐,02 2507 1995,https://www.facebook.com/%E5%A5%BD%E5%8F%A3%E7%A6%8F%E6%97%A9%E5%8D%88%E9%A4%90-1623180034598508/,,ChIJNTfk01ipQjQRPL3gSIq5up8
好吧,士林區,早午餐,02 2876 5287,https://www.facebook.com/profile.php?id=100066857331538&mibextid=LQQJ4d,,ChIJwYqqLCGvQjQRsTBPcxjXj7Y
好時光披薩,松山區,披薩,02 2756 0108,https://www.facebook.com/AuraPizza,,ChIJZ2jGUY2rQjQRYsKWDi4QbD8
好捲早午餐,南港區,早午餐,0918 859 790,http://www.facebook.com/GoodRoll,,ChIJp5S_sHqrQjQR2wwsbgynL4M
好想見麵 昆陽店,南港區,中式料理,02 2652 2199,,,ChIJaXY9OACrQjQRNSJAJ7EFh_A
好義外PASTA家常義大利麵(民生店),松山區,義大利料理,0905 904 336,,,ChIJxemfYQCrQjQRUsjpkmpp3nQ
好聚會日式料理,北投區,日式料理,02 2895 0610,https://www.facebook.com/%E5%A5%BD%E8%81%9A%E6%9C%83%E6%97%A5%E5%BC%8F%E6%96%99%E7%90%86-411030902292928/,,ChIJMVd-506uQjQRBZpD43rAToo
安好食 和平店,大安區,早午餐,02 2738 4185,https://anhaoshih.oddle.me/zh_TW,,ChIJA7xCuqirQjQRGwBOltepJQk
安好食 新生店,大安區,早午餐,02 2366 0835,https://shop.ichefpos.com/store/OEE4L5KZ/ordering,,ChIJa8heQompQjQR76ML0NBsxL8
安好食-大巨蛋店 早午餐 炒麵,信義區,早午餐,02 2767 6381,https://shop.ichefpos.com/store/wCLa8m_K/ordering,,ChIJayuzMzyrQjQRUQYOXdZWaCg
安安早午餐 AnAnBrunch,中正區,早午餐,02 2361 2362,,,ChIJK9qSh6SpQjQRRKWb2tvbem0
安佳複合式餐點,南港區,早午餐,02 2654 8246,,,ChIJzbOpOnurQjQR9nOFIF4c1F4
安德睿 食代義廊 Andrea STYLE,中山區,披薩,,http://www.facebook.com/Andreaitalytaiwan,,ChIJpRLLouusQjQRJgJVeLEO0CU
弎文早午餐,北投區,早午餐,0985 152 343,https://www.facebook.com/%E5%BC%8E%E6%96%87%E6%97%A9%E5%8D%88%E9%A4%90-Sandwich-Dlight-100630659373545/?ref=pages_you_manage,,ChIJnZvlNEevQjQROg6GIscw2Qg
成真咖啡 台北西門店,萬華區,咖啡廳,02 2311 0277,https://www.cometrue-coffee.com/,,ChIJj0AiJfWpQjQRDhT888W1bxQ
成真咖啡 台北信義寶麗廣場店,信義區,咖啡廳,02 2722 8258,https://www.facebook.com/cometrue210/,,ChIJTbRQod2rQjQRum08B-IpGvY
成真咖啡 遠東SOGO台北天母店,士林區,咖啡廳,02 2836 8881,https://store.dudooeat.com/order/store/540efe32554d47feab72cf4a467b0de2,,ChIJ_0sm21-vQjQR8DbyHSM4PnQ
成真咖啡 ComeTrue CAFE 台北誠品松菸店,信義區,早午餐,02 6604 1680,https://www.cometrue-coffee.com/,,ChIJvyt0Ex2rQjQRGwH3ZttL9LA
早。,內湖區,早午餐,0902 358 698,https://www.instagram.com/morning77_/?igshid=1h4sq3gam9lng,,ChIJ5cvC-pOtQjQR1ERBJ5Z2HBo
早午餐俱樂部BBC,松山區,早午餐,02 2528 8889,https://instagram.com/breakfast_brunch_club?igshid=YzAwZjE1ZTI0Zg%3D%3D&utm_source=qr,,ChIJkalAOHmrQjQRRriBF4B2rMs
早安美芝城 北市永吉概念店,信義區,早午餐,02 2756 0155,https://www.macc.com.tw/,,ChIJZRDvqRKrQjQRGcKD88AZjA0
早安美芝城大安忠孝概念店,大安區,早午餐,02 2771 6007,,,ChIJM1YtymmrQjQRL0nVEXPxfGU
早安美芝城信義吳興概念店,信義區,早午餐,02 2758 6337,,,ChIJqWPf-t2rQjQRN-ZaWEfDYPI
早初晚歸早午餐,中山區,早午餐,02 2585 0397,https://www.facebook.com/%E6%97%A9%E5%88%9D%E6%99%9A%E6%AD%B8%E6%97%A9%E5%8D%88%E9%A4%90-381461999266129/,,ChIJh2e_C0SpQjQRcU5jae_pMD0
早吧 Morning Bar,士林區,小酒館/餐酒館,02 2832 5310,https://www.facebook.com/%E6%97%A9%E5%90%A7-Morning-Bar-144704302539479/,,ChIJz0WzAb2uQjQRIZueHyQkMt0
早吧 Morning Bar 伊通店,中山區,小酒館/餐酒館,02 2515 2737,https://www.facebook.com/%E6%97%A9%E5%90%A7-Morning-Bar-%E4%BC%8A%E9%80%9A%E5%BA%97-568332323536464/,,ChIJBwrfuwapQjQRPfMh7Lp6QEc
早來午來板煎早午餐,內湖區,早午餐,0906 687 003,https://www.facebook.com/%E6%97%A9%E4%BE%86%E5%8D%88%E4%BE%86-100195222694777/,,ChIJqdDePS-tQjQRUVs9olrBhwg
早珊 Toast & Tea（週六內用建議提前預訂）,大安區,早午餐,0984 403 732,https://www.ubereats.com/store/%E6%97%A9%E7%8F%8A/rtdJMJpQR-CPxUyMGYAIOg?diningMode=DELIVERY,,ChIJg8_brU6rQjQR5HicW9Djj9U
早食暮想 精緻早午餐,內湖區,早午餐,02 2537 5378,,,ChIJGXB_LWqpQjQRPkT7-ioRxFQ
早寧午食,士林區,早午餐,02 2828 6778,https://www.facebook.com/profile.php?id=100063827806952,,ChIJb3LIflWvQjQRnsEmXIZjfhs
早點醒,信義區,早午餐,02 2723 7632,https://www.facebook.com/zaopower,,ChIJeY-MOqSrQjQR30bwWOZVEcA
早饗&晚饗,信義區,早午餐,02 2727 2948,,,ChIJVYI8EjOrQjQRrwpq0ry33do
有耳朵早午餐 老宅店,中山區,早午餐,0989 275 294,https://shop.ichefpos.com/store/exmh4FmY/reserve,,ChIJmSExC_ipQjQR8o0qOJaVDcY
有間小館,松山區,中式料理,02 2745 8917,https://www.facebook.com/ujankitchen/,,ChIJK5GmlHyrQjQRPNKNdgjHRhU
江浙 秀蘭小館,大安區,中式料理,02 2393 0167,https://inline.app/booking/-OcnWFunvPdMxiipCjFM:inline-live-3/-OcnWG08PR2MVWNWOiTc,,ChIJK5RQPYKpQjQRl9cqkvtxY0M
米家廚房義大利麵,信義區,義大利料理,02 8789 9668,https://www.facebook.com/migakitchenpasta,,ChIJbZMi8smrQjQRFjiDk2bA2X4
米荳尼早餐店,內湖區,早午餐,02 2634 5198,,,ChIJtev3brysQjQR_0rjiGynB2Y
米凱修義式料理,士林區,義大利料理,02 2880 2566,,,ChIJ7Vd1ubCuQjQRnklhbBPEjXY
米糕日子,士林區,台灣小吃,0989 480 802,https://instagram.com/migo_day?utm_medium=copy_link,,ChIJDaE7KqyvQjQRCG1Io3sZYMc
米の嶼 沖繩飯糰,北投區,早午餐,0987 519 578,https://lin.ee/YAElGWg,,ChIJPxryaGGvQjQRZU1P8AOad8A
羊毛與花 ‧ 永康,大安區,咖啡廳,02 2358 3153,https://www.facebook.com/youmoutoohanacoffee,,ChIJ_7jtwIOpQjQR52nsfxMlSl8
羽樂歐陸創意料理,松山區,歐陸料理,02 2578 2656,https://www.ulovebistro.com/,,ChIJlVNfWeqrQjQRqO4OMZ0keZ4
老三咖啡 (台北民生店),中山區,咖啡廳,02 2531 6660,https://www.facebook.com/dante.minsheng.xinsheng?mibextid=LQQJ4d,,ChIJOZxEWF2pQjQRhCu3Te92_0Y
老倉庫,士林區,早午餐,02 2833 6908,https://www.facebook.com/Marcus.warehouse1/,,ChIJy_uSHZeuQjQRkIZPihOvkxk
老爹 懷舊家常料理,中山區,中式料理,02 2567 3138,https://www.facebook.com/%E8%80%81%E7%88%B9-%E6%87%B7%E8%88%8A%E5%AE%B6%E5%B8%B8%E6%96%99%E7%90%86-325224448421481/,,ChIJEfxs8tupQjQRx0xOH58i5rU
老爺小花園,中山區,義大利料理,02 2518 3381,https://www.facebook.com/Royal-petite-garden-%E8%80%81%E7%88%BA%E5%B0%8F%E8%8A%B1%E5%9C%92-990384347660854/info/?tab=page_info,,ChIJ-_VdlmGpQjQRzQLgorNNDLA
老闆屬狗 So Good,中山區,義大利料理,0979 959 858,https://www.facebook.com/%E8%80%81%E9%97%86%E5%B1%AC%E7%8B%97-So-Good-731728060342371/,,ChIJNeL_00SpQjQR42XSXxCX1NQ
而立早午餐 Breakfast & Brunch,中山區,早午餐,0975 808 221,https://reurl.cc/ZyLpDl,,ChIJOSMJ-zipQjQRQvnhHmH8WT0
肉肉大米,信義區,日式料理,02 2722 1599,https://www.instagram.com/nikuniku_oh_kome.tw?igsh=MXNxdTh5d2x2eXBydg==,,ChIJRTWlIQCrQjQRRSYVaiqbfAg
自彈自唱 Dolce far Niemte,大安區,美式料理,02 2367 0234,https://www.instagram.com/dolce_far_niemte1008/,,ChIJCYvjW5-pQjQR-Ie6cd7DPA0
艾朋牛排餐酒館,信義區,義大利料理,02 2756 7788,http://www.apointsteak.com.tw/,,ChIJYzLihrurQjQRVmV1XPoNuks
艾朗廚房Eilang Kitchen,信義區,早午餐,0938 519 002,https://www.instagram.com/eilang_kitchen,,ChIJt7c70zarQjQR6zkB-OpTh9E
艾堤早午餐,內湖區,早午餐,02 2799 0805,https://order.idin.today/zcv7k/shop?tag=admin,,ChIJ5ZIla7mtQjQRoJgsatR6S98
艾萊創意早午餐-創始店I like,信義區,早午餐,0979 519 605,https://www.ubereats.com/tw/store/%E8%89%BE%E8%90%8A%E6%97%A9%E5%8D%88%E9%A4%90%E5%89%B5%E5%A7%8B%E5%BA%97/_fc0FDzcV--aJTO061qdjA?diningMode=DELIVERY&pl=JTdCJTIyYWRkcmVzcyUyMiUzQSUyMiVFNSVCRiVBMCVFNSVBRCU5RCVFNiU5RCVCMSVFOCVCNyVBRiVFNSU4NSVBRCVFNiVBRSVCNTgzJUU4JTk5JTlGJTIyJTJDJTIycmVmZXJlbmNlJTIyJTNBJTIyQ2hJSmdVQ28ySFdyUWpRUjBxR2dNWjkwWDhzJTIyJTJDJTIycmVmZXJlbmNlVHlwZSUyMiUzQSUyMmdvb2dsZV9wbGFjZXMlMjIlMkMlMjJsYXRpdHVkZSUyMiUzQTI1LjA0ODEzNDYlMkMlMjJsb25naXR1ZGUlMjIlM0ExMjEuNTg0NDg1OSU3RA%3D%3D,,ChIJBxr2NvCrQjQR5Bpsmam9kyw
艾蘿拉義式廚房,信義區,義大利料理,02 8786 1691,,,ChIJgymDYACrQjQRx4ir1eLpXpk
辺 hotori (暫時沒有漢堡排),松山區,日式料理,02 2578 6518,,,ChIJ_9t_Bg2rQjQRAYC23Q4YPAE
佐料咖啡,信義區,咖啡廳,02 2756 7880,https://www.facebook.com/seasoningcoffee/,,ChIJf4E2xLyrQjQRp2xaPfb-2Vo
初心CP早午餐店,內湖區,早午餐,02 2627 0845,https://line.me/R/ti/p/@594azxam?oat_content=url&ts=01182105,,ChIJFyIsUACtQjQRaBtKIUrCUmI
初作早餐 光復店,信義區,早午餐,0983 667 591,https://shop.ichefpos.com/store/cVCuSQzr/ordering,,ChIJuX5PLm6rQjQRwlH9LPJA34w
初披薩Truepizza,文山區,披薩,02 2930 3066,https://www.facebook.com/profile.php?id=100089283192647&mibextid=LQQJ4d,,ChIJdQ4AO-SrQjQRS8WzfKfL-HE
初芽 Sprout,士林區,美式料理,02 2876 6080,,,ChIJn38a932uQjQRfEng8ILihp0
初張嘴餐飲店,中正區,早午餐,02 2339 2667,,,ChIJf1Ak4LypQjQRyHNv8zVe74Q
別處咖啡 Away cafe,中正區,咖啡廳,02 2368 9713,https://pse.is/EE85W,,ChIJr52_JZ2pQjQRQ_UeWocNMTE
妖食 手作食堂,大安區,無菜單料理,0920 989 156,https://www.facebook.com/CraveFoodKitchen/,,ChIJA-CSdISpQjQRdIySsQDlW6Y
宏記飯館,松山區,中式料理,02 3765 3886,,,ChIJeenGGhCrQjQRl_3s9xMzPCE
尾田家オダヤ,北投區,日式料理,02 2893 1813,https://www.facebook.com/%E5%B0%BE%E7%94%B0%E5%AE%B6%E3%82%AA%E3%83%80%E3%83%A4-104892491362485,,ChIJFfUnrQivQjQRK0wmMZkCGEs
希斯酪義大利麵,北投區,義大利料理,02 2892 5351,,,ChIJUxGb2PmuQjQRt7psroY3zU0
希臘左巴 歐陸風味館,大安區,希臘料理,02 8369 1974,https://greek-go.com/,,ChIJ2wpBPompQjQRnNdkOhvOaS8
快樂村咖哩屋,大同區,日式料理,02 2595 6177,https://www.facebook.com/HappyCurryHouse,,ChIJRzYcl0ipQjQRM73cGa9f-EY
扶風堂 披薩.義麵.吉拉朵,松山區,披薩,02 2715 3377,https://www.facebook.com/FoodFullTongue/,,ChIJhWxqhiirQjQRzQ0_mgRYZwM
批薩謎勒 Happy Buddha Pizza,中山區,披薩,02 2535 0755,https://inline.app/booking/-NbChUW51FqtQ6HE1kbz:inline-live-3/-NbChUhJ6T-oOTitwHjb,,ChIJcz5DRMapQjQRC946fbVbtk8
找午倉Brunch,北投區,早午餐,,https://line.me/R/ti/p/@907qiuyq,,ChIJlVAfvnKvQjQRptho33uDf_4
找諶 Chen’s Brunch,南港區,早午餐,02 2782 9835,,,ChIJA9vu3HqrQjQRWhhwjOBFkcA
找點吃的早餐店,文山區,早午餐,02 2239 0355,,,ChIJn1xWIGeqQjQRVkU0dLTx054
沐對 MoonDay 義式小廚房,內湖區,義大利料理,02 2631 2626,https://lin.ee/PyLT5VO,,ChIJkaCpC72sQjQRZWZG53Rs2Og
沒事''早事''坐,中山區,早午餐,02 2541 2001,https://zaoshih.weebly.com/,,ChIJV7KAV12pQjQROd2EYKrG-9A
玖仰Jiuyang,大安區,中式料理,02 2358 1613,https://www.facebook.com/%E7%8E%96%E4%BB%B0%E8%8C%B6%E9%A3%9F%E6%96%87%E5%8C%96-101297618338470/,,ChIJNyZeI5upQjQRmjNcH9N6Z-w
玖龍冰室香港茶餐廳,信義區,中式料理,02 3762 1195,https://kowloonselect.com/,,ChIJo3ClvoarQjQR3W13Dy-xMh8
男子漢拉麵食堂內湖737店,內湖區,拉麵,02 2627 6627,,,ChIJa3AnfWGsQjQR2vz2MWcy9qw
角。藍色Cafe,士林區,咖啡廳,02 2876 3866,https://www.facebook.com/tcbhband/,,ChIJKxUBpYauQjQRP78StRF6Yfc
豆咖啡 BEANCAFE【豆二】咖啡豆烘焙專門店,北投區,烘焙/甜點,02 2895 2348,http://www.beancafe.com.tw/,,ChIJI9KEY1GuQjQRwkpKy4aN7LQ
貝莉義式餐廳,,義大利料理,02 2627 1796,https://iding.tw/stores/32034c02/menu/%E8%B2%9D%E8%8E%89%E7%BE%A9%E5%BC%8F%E9%A4%90%E5%BB%B3,,ChIJU867w2KsQjQRWbv8Eb_hmwE
貝魯佳義大利麵,內湖區,義大利料理,0910 918 794,http://www.facebook.com/Penugia,,ChIJvwkYkW6sQjQR5v3EGLb2tnM
亞米小廚 yummy kitchenette,信義區,義大利料理,02 2765 2332,https://www.facebook.com/yummykitchenette/?fref=ts,,ChIJzSPA47yrQjQRReFdmPmEKUM
亞米早午餐店 新中店,松山區,早午餐,02 2761 3211,,,ChIJET3OUY2rQjQRfo5bR8hjyjk
亞瑟蘭印度餐廳(士林店)Asrah Indian Cuisines 清真認證Halal,士林區,印度料理,02 2834 3303,https://www.facebook.com/share/1MppjWry6o/,,ChIJiU5dGbevQjQR4xyi0i2ZWsg
享半天早食&早茶,信義區,早午餐,02 2727 2158,https://www.facebook.com/%E4%BA%AB%E5%8D%8A%E5%A4%A9%E6%97%A9%E9%A3%9F%E6%97%A9%E8%8C%B6-108816118389569/,,ChIJ5d7s2S6rQjQRIt49yGJ-5U8
享食義大利麵,,義大利料理,02 2592 7519,,,ChIJOwWWK2GpQjQR5JI4J-JKB6k
享宴小廚,內湖區,中式料理,02 2631 8467,https://www.facebook.com/%E4%BA%AB%E5%AE%B4%E5%B0%8F%E5%BB%9A-182443859325680,,ChIJfSaCyLqsQjQRJYTlZXff4kE
享點港式飲茶,中山區,中式料理,02 2100 1031,https://my.matterport.com/show?play=1&lang=en-US&m=VLVUkmQAzGZ,,ChIJ7awmDQCpQjQR8Uvi8szGMT0
京元堡早午餐店,信義區,早午餐,02 2767 0016,,,ChIJna8ZR5mrQjQRgdUSafjojA4
佬披薩LA PIZZA（開業21+年）,大安區,披薩,02 2364 5822,https://www.facebook.com/%E4%BD%AC%E6%8A%AB%E8%96%A9-La-pizza-105545945140719/,,ChIJl-sBDI-pQjQRuAvhyCfLSGU
來有早午餐店,內湖區,早午餐,02 2627 1282,https://iding.tw/stores/9dd2f1a5/menu/%E4%BE%86%E6%9C%89%E6%97%A9%E5%8D%88%E9%A4%90,,ChIJh6DUsmasQjQRmSs4J3wkR6k
叁食,信義區,咖啡廳,02 2758 0170,https://30cafe.com.tw/,,ChIJpWEDTmSrQjQRc-bf3kJg8uM
味覺義廚館,士林區,義大利料理,02 2876 7855,https://www.facebook.com/283133474130/,,ChIJU4cV3IeuQjQRXZuzI1ZJPFE
呷本丸早午餐,大同區,早午餐,02 2593 0337,https://shop.ichefpos.com/store/gW3XJHQo/ordering,,ChIJLVPGkx2pQjQR1hUbJfYUm68
和民 手作廚房 桂林家樂福店,,日式料理,02 2383 0030,https://www.watami.com.tw/nikuteiwatami-new-2,,ChIJ-dD7-s-pQjQRqw4JZutsb5A
和民手作廚房 微風北車店,中正區,日式料理,02 2375 1518,https://www.watami.com.tw/,,ChIJlSe-dm-pQjQR48ZVrhFPkjw
和光日式家庭料理,士林區,日式料理,02 2592 2812,https://www.facebook.com/wako2022,,ChIJq4jpa9-vQjQRp_HHAAkU-MA
咖啡小劇場,內湖區,烘焙/甜點,0925 007 112,https://theatre.1shop-app.com/,,ChIJc4uAJWOsQjQR1hkcJ6oJL5U
咖啡瑪榭 中山店,中山區,美式料理,02 2567 9077,https://lin.ee/H2WEyat,,ChIJPSyKR2mpQjQRLB_JwBEp9H4
咖啡學人-傑克威爾 The Cafeist & Jackwell,中正區,咖啡廳,02 2368 0045,https://www.thecafeist.com/,,ChIJV_SOYpqpQjQRA9cnwa-fRdc
奉陪茶莊,文山區,中式料理,02 2939 5057,,,ChIJHwH_sC8AaDQR4JPPrq-ZgMY
季節廚房,北投區,中式料理,02 2858 1953,,,ChIJzbWfE9avQjQRO9epSFm33dI
季滿屋日本料理,文山區,日式料理,02 2935 0387,https://www.facebook.com/291379890973063/,,ChIJbyjfSQSqQjQRhVrZWCaY1y8
定食8 康寧店,內湖區,日式料理,02 2632 3590,http://www.sushiexpress.com.tw/,,ChIJ2wXDYrusQjQRFSRo7dywgho
尚雯早午餐,大同區,早午餐,0936 085 646,https://www.facebook.com/Stablebrunch/?ref=bookmarks,,ChIJb5CtlsypQjQRStcZ1ACr6O4
帕斯塔焗麵所 帕斯塔義麵所 西門町義大利麵·焗烤·平價美食,萬華區,義大利料理,02 2381 8668,https://linktr.ee/pastahouse100,,ChIJc_923ASpQjQRgzoUHio2o6A
幸福早午餐,中山區,早午餐,02 2541 5057,,,ChIJAX3iT1mpQjQRSW1guXtO7wE
幸福早午餐,內湖區,早午餐,0928 272 536,https://anny2949.pixnet.net/blog/post/268826131,,ChIJnYrKSCWtQjQREPUePSrle7Y
幸福咬一口,松山區,披薩,,https://lin.ee/gKJqxF9,,ChIJe6MIKuSrQjQRXf1hfwIiNL4
幸福食光 義大利麵烘培坊,北投區,義大利料理,02 2891 8656,,,ChIJeWJIoc6vQjQRzOQ6P_hqFjI
底特律pizza,文山區,披薩,02 2236 3608,,,ChIJbU4FGwCrQjQRe_V1ShRF1_Q
府岸台菜海鮮城,大安區,中式料理,02 2393 5901,,,ChIJHcGMToKpQjQRcWfGfKBrPIE
忠青商行 微風台北車站店,中正區,中式料理,02 2311 7989,https://www.facebook.com/ChungChingstore/,,ChIJsfDihtipQjQRvnUgKnWvyPs
怡客咖啡 士林店,士林區,咖啡廳,02 2880 5920,http://www.ikari.com.tw/,,ChIJi2noNqOuQjQRbA-Scsp0ws8
怡客咖啡 文山店,文山區,咖啡廳,02 2230 1717,https://www.ikari.com.tw/main.php,,ChIJuxRStBKqQjQRiY6syO1DebE
怪咖屋THE WACKO HOUSE Brunch & Bar,中正區,小酒館/餐酒館,02 2365 0119,https://www.facebook.com/thewackohouse,,ChIJIWFwqW-pQjQRG1swI_5bSsc
拉亞漢堡 北市中華,中正區,早午餐,02 2301 2876,https://www.facebook.com/LAYATPECH/?ref=page_internal,,ChIJKX3oQbypQjQRkvM-qBEwhfY
拉亞漢堡 台北錦州,中山區,早午餐,02 2515 1619,https://now.laya.com.tw/table?store=64a4deabc06ca680d4ab23ec,,ChIJMUwgSuKrQjQRizcHD3amAgk
拌米,中山區,韓式料理,02 2508 3430,,,ChIJ_w9hMsmpQjQRLx2Bqp029us
拌路食事（ 週二、週三休息）,內湖區,日式料理,0901 323 796,https://imenu.com.tw/halfway/halfway_114/menu,,ChIJr2PsqSGtQjQR9a7aBciVG4Y
明水然・樂-遠百信義店(遠百A13店),信義區,日式料理,02 8786 0466,https://booking.twledodo.com/,,ChIJtSr-hrqrQjQR2-oMPU9LoDc
東方樓 台北漢來店,南港區,中式料理,02 2788 1618,https://www.hilai-foods.com/brand-content/40,,ChIJPUX9iw6tQjQRE-UwkTLnci4
東湖家鄉小吃,內湖區,中式料理,02 2630 6877,https://liff.line.me/1657717129-L7nrjAqG/DongHuJSSC/menu,,ChIJMTEyc7usQjQRJaMSPiuK3HM
松山區立可康餐廳,松山區,複合式餐廳,02 2546 8597,,,ChIJ-wWUb-WrQjQRRalMaORtvUc
松日本料理,中山區,日式料理,02 2581 6970,https://www.facebook.com/pages/%E6%9D%BE%E6%9B%B0%E6%9C%AC%E6%96%99%E7%90%86/150554205007879/,,ChIJu5NcQ2-pQjQRLklL1NptpjQ
松松咖啡,松山區,咖啡廳,0926 193 103,https://www.instagram.com/song_song1023?igsh=enJpMTZmNGp2NTll,,ChIJEVCUKC-rQjQRVRSIy37cv4k
松果院子,松山區,義大利料理,02 2765 0386,http://www.r-pinecone.com/,,ChIJvdWMGY2rQjQRjF3SNuha2Tw
板石 Slate cafe,大安區,咖啡廳,02 2773 1515,https://www.unitedhotel.com.tw/dining/page/2,,ChIJeQV6HMerQjQR5SBpP7W5fik
欣晨堡早午餐,內湖區,早午餐,02 8791 3719,,,ChIJ39Ld-PKsQjQREeJbLUucamY
欣葉小聚 南港店,南港區,中式料理,02 2785 1819,https://www.shinyeh.com.tw/content/zh/brand/Index.aspx?BrandId=3,,ChIJqX7CxKesQjQRWduxZ7juYTM
欣葉日本料理館前店,中正區,日式料理,02 2371 3311,https://www.shinyeh.com.tw/content/zh/brand/Index.aspx?BrandId=4,,ChIJRXL_JXOpQjQRowS1Pdt1jVE
欣葉台菜 信義新天地A9店,信義區,中式料理,02 8786 1234,https://www.shinyeh.com.tw/content/zh/brand/Index.aspx?BrandId=1,,ChIJrSZypLCrQjQRdNWuZqKdwqM
武蔵野森珈琲 Diner 台北西門相鐵店,,咖啡廳,02 2311 0997,https://www.musashi.com.tw/,,ChIJtzSuKQqpQjQR8Mw4pIK5WFM
波波早午餐 民生總店,松山區,早午餐,02 2545 7990,,,ChIJcVktbOarQjQRC3OpgHRsR6M
波波草Brunch,信義區,早午餐,0965 162 803,,,ChIJIWUYXRCrQjQRxl4NXRJv_cg
波赫士領地精品咖啡館 明水店 提拉米蘇 千層蛋糕,中山區,早午餐,02 2532 9990,https://www.yyyy.com.tw/,,ChIJEypAtQisQjQRZ0zM2T_iyak
波赫士領地精品咖啡館 提拉米蘇 千層蛋糕 BorgesPlace昌吉店,大同區,咖啡廳,02 2598 3999,https://www.facebook.com/profile.php?id=100088387524130&mibextid=LQQJ4d,,ChIJYR9wWIytQjQR8gzoVNqYgy8
物理漢堡,中山區,早午餐,,https://lin.ee/EhelMro,,ChIJecy-oUypQjQRprFZ8c90Z1k
玩味食茶-早午餐,信義區,早午餐,02 8786 0084,https://facebook.com/Funmoment.Meals,,ChIJyer-9MmrQjQRlumkOoIg8bQ
芝生食堂 民生社區店,松山區,日式料理,02 2719 0001,https://www.facebook.com/SibafuMinSheng/,,ChIJu1Cbju6rQjQRfHWLfwSBGjg
花心廚房(不定休)平日午晚餐營養餐盒與咖哩、假日全天早午餐,南港區,早午餐,02 2651 7528,https://imenu.com.tw/kokoroFCP/branches,,ChIJbdxVNwCrQjQR3S6nw6ih34w
花房CAFE,信義區,咖啡廳,02 2729 7697,,,ChIJmdP86bSrQjQRvWsO996B8eg
花娘小館（創始店）,松山區,中式料理,02 2718 4469,https://inline.app/booking/-NxuTOP0taCoQTNLDSOB:inline-live-3/-NxuTOcBfhTil0vSRGef,,ChIJPeDT3eirQjQRuaBAh9usvfY
花暖簾,內湖區,日式料理,0970 390 741,https://www.facebook.com/HananorenTaipei/,,ChIJVdLedLysQjQRRsgnoYBGG_M
花漾薇漫餐廳,中正區,咖啡廳,02 2365 6188,,,ChIJuUnPP0KpQjQRguNrS_dGJ7c
花嘴廚房,萬華區,早午餐,02 2361 6998,https://m.facebook.com/whatdaykitchen/?ref=bookmarks,,ChIJX--8IQipQjQRs2uPQ15m7PI
花嶼輕食館Flower Island Brunch-台北士林站輕食早午餐,士林區,早午餐,02 2883 8825,https://www.instagram.com/flower_island_brunch?igsh=MTY2ZzRvbjRzaXBzeg%3D%3D&utm_source=qr,,ChIJ45oJLh6vQjQRirxG0KgMRp8
芳儀台越料理,士林區,越南料理,02 2876 0229,,,ChIJ6y4JAJOvQjQRhiE0QRlXljY
芽米日子純植物飲食,北投區,蔬食料理,02 2891 9394,https://www.facebook.com/yummyveganhome/,,ChIJkSeH9k-uQjQRJJ2Sydh38BA
金山客家小館 光復店,松山區,中式料理,02 2766 9327,https://www.facebook.com/%E9%87%91%E5%B1%B1%E5%AE%A2%E5%AE%B6%E5%B0%8F%E9%A4%A8%E5%85%89%E5%BE%A9%E5%BA%97-277636379350,,ChIJyZwTOpWrQjQRcTfYjqt_YJc
金好家客家菜,中山區,中式料理,02 2506 3980,,,ChIJreHRsN-rQjQRdK09q30Jrc4
金春喜韓廚-台北長一店,中山區,韓式料理,02 2741 7579,https://www.facebook.com/profile.php?id=61580028221419&mibextid=wwXIfr&mibextid=wwXIfr,,ChIJedF3FQCrQjQRNYHrNUmD3DQ
金春喜韓廚-Citylink南港店,南港區,韓式料理,02 2788 9968,https://www.facebook.com/kimchunhee.korea,,ChIJp1KnFQCrQjQRec88ErjUn3o
金香廚房,中山區,中式料理,02 2504 4016,https://www.facebook.com/wayw25044016/,,ChIJIzXJbmCpQjQR2suZY66-gZc
金孫韓廚 義大利麵 (中山店),中山區,義大利料理,02 2523 0276,https://www.instagram.com/goldensonkoreapasta?igsh=bTI3dGs2ZHhuZGNh,,ChIJTSYZklepQjQRuZ7bv4Dr-nI
金孫韓廚 義大利麵(士林店),士林區,義大利料理,02 2883 1315,https://www.instagram.com/goldensonkoreapasta/,,ChIJvZks39avQjQR3Vo7qkc23zY
金菠蘿天母東路早午餐店,士林區,早午餐,02 2873 0017,,,ChIJWa4TsIauQjQRub_8jADv360
金獅取水 Cafe And Brunch,中山區,早午餐,02 2503 9295,https://www.facebook.com/goldenlionkafe?mibextid=LQQJ4d,,ChIJUffUFF-pQjQR3DQUYxSkvoQ
金蓬萊遵古台菜餐廳,士林區,中式料理,02 2871 1517,http://www.goldenformosa.com.tw/files/13-1250-19780.php,,ChIJT2Un5X-uQjQRp0RnkammO5Q
金龍山海旬味,士林區,日式料理,02 2871 6706,https://inline.app/booking/jinglong,,ChIJO6AKNZWvQjQRantLB0sfI1Q
長春亰華海鮮餐廳,中山區,中式料理,02 2568 2323,https://www.ccjh.com.tw/,,ChIJ_QSp5uWpQjQRRuAnY7GgxAY
長廊粵式腸粉 Changlang Rice Noodle Rolls,松山區,港式料理,02 2528 7999,,,ChIJ4RSE4purQjQR_yxcNhN2dvM
阿3義大利麵,信義區,義大利料理,02 2728 3017,https://www.facebook.com/%E9%98%BF3%E7%9A%84%E7%BE%A9%E5%A4%A7%E5%88%A9%E9%BA%B5-139056956109081/,,ChIJfdLsAKGrQjQRZN9pbdAFWFg
阿波羅早午餐,信義區,早午餐,02 2732 6627,https://fnb-qrcode.trendlab.ai/v15/home?braId=1011523351736352768&codeId=1013944969504272384,,ChIJoxEII3qrQjQRDblyEs1rxyc
阿金江浙小館,北投區,中式料理,02 2892 3801,https://www.facebook.com/pages/%E9%98%BF%E9%87%91%E5%B0%8F%E9%A4%A8/175619065820906,,ChIJSf1EVFGuQjQRSP6mbaaOdKI
阿超早午餐店,中山區,早午餐,02 2581 8148,,,ChIJL-GjbFmpQjQR4tZpfRPu-Dg
青沐 (中山店),大同區,義大利料理,02 2555 9622,https://www.instagram.com/qingmu_zhongshan?igsh=aTgyOGdsMDMxb3Vl&utm_source=qr,,ChIJoSlrdwCpQjQR1QqGIzjp_A8
青沐（大安店）,大安區,早午餐,02 2775 4790,https://www.facebook.com/profile.php?id=61550333993802&mibextid=LQQJ4d,,ChIJtfvrqESrQjQR1EbDQ3SN5g0
青沐（敦北店）,松山區,義大利料理,02 2517 5503,https://m.facebook.com/%E9%9D%92%E6%B2%90%E5%88%9D%E9%A3%9F-116158869067985/,,ChIJVYa5FjKqQjQRZyu9mvTqQlc
青松義大利麵,內湖區,義大利料理,02 2627 5291,,,ChIJuZsR0mWsQjQRpb6zeMjnXHY
青春漢堡 · Aoharu Burger 台北世貿店,,美式料理,02 2720 0029,https://aoharuburger.blogspot.com/,,ChIJcfB5sMarQjQROm72E-2Hlfo
南北合小館,信義區,中式料理,02 2749 1750,https://www.facebook.com/%E5%8D%97%E5%8C%97%E5%90%88%E5%B0%8F%E9%A4%A8-1032158026943802/,,ChIJ079AtyOrQjQRKtxKHhdlL80
哇讚廚房丼飯麵食,北投區,日式料理,0922 751 456,https://www.facebook.com/ives530,,ChIJL5CBZouuQjQRK_ZSzMi6y7s
哈妮早樂子咖啡早午餐,內湖區,早午餐,02 2657 5466,,,ChIJ4-a6VwCtQjQRb99Ql08KCIM
哈姆選物 Hamu Café,北投區,早午餐,02 2898 8212,,,ChIJI-1f22mtQjQRxIYULxKwW6I
哈柔廚房 早午餐,北投區,早午餐,02 2896 6335,https://m.facebook.com/pages/category/Breakfast---Brunch-Restaurant/%E5%93%88%E6%9F%94%E5%BB%9A%E6%88%BF-106313814723255/,,ChIJT-DKLCWvQjQRY72LvkunzTs
哈泰 泰式料理 花博店,中山區,泰式料理,02 2597 7555,https://www.facebook.com/profile.php?id=100063902301628#,,ChIJ4eTDcKupQjQRs1kp632Ui3I
哈堡堡輕食早午餐台北光復店,松山區,早午餐,02 2578 2800,https://hotburger.com.tw/,,ChIJG9GCvPqrQjQRnHCLcaK_RjE
哈燒小食堂,中正區,義大利料理,02 2304 7720,https://www.facebook.com/pages/%E5%93%88%E7%87%92%E5%B0%8F%E9%A3%9F%E5%A0%82/1563949770575195,,ChIJo0lm5rypQjQRYa4S628K5XQ
哈麵飯店,北投區,中式料理,02 2891 3468,https://www.facebook.com/HeyMan.Restaurant/,,ChIJx7XHJk-uQjQRPBllRcowRAc
姥姥酸菜魚 微風北車店,中正區,中式料理,0936 621 760,https://www.instagram.com/laolaosuancaiyu/?hl=zh-tw,,ChIJE9VkEfupQjQRDV-R2oV0w70
威尼斯義大利餐廳,中山區,義大利料理,02 2502 4093,http://www.venice168.com.tw/,,ChIJS-zNIF-pQjQR1vU1UjOlTM4
威美早餐店,信義區,早午餐,02 2720 9364,,,ChIJAQAAALWrQjQR1lBZdSERshw
客美多咖啡 - 中山店,中山區,咖啡廳,02 2568 1017,https://komeda.com.tw/,,ChIJLfX2m3WpQjQRILURpt3M0_4
客美多咖啡 - 天母店,士林區,早午餐,02 2831 0067,https://facebook.com/komeda111,,ChIJhYpqMJavQjQRgLRLBq-IZlI
客美多咖啡 - 敦南信義店,大安區,咖啡廳,02 2709 8077,http://fb.me/komeda004,,ChIJo4Ncs1mrQjQR6NbTBW7-B40
客美多咖啡 Komeda‘s Coffee - 士林店,士林區,咖啡廳,02 2834 2720,https://komeda.com.tw/,,ChIJ77KEJzGvQjQRBMFo8JTHrPU
客美多咖啡 Komeda‘s Coffee - 誠品站前店,中正區,咖啡廳,02 2331 0810,https://komeda.com.tw/,,ChIJwzjqROapQjQRA2BDLic5Of4
客美多咖啡 Komeda's Coffee 石牌店,北投區,咖啡廳,02 2826 1086,https://komeda.com.tw/,,ChIJRQbog52vQjQRi702uNuQexQ
客家美食小吃館,萬華區,中式料理,02 2311 5682,,,ChIJl_iohMKpQjQR6o1kcgQlfAw
巷子義大利麵,松山區,義大利料理,02 2756 0994,https://www.facebook.com/%E5%B7%B7%E5%AD%90%E7%BE%A9%E5%A4%A7%E5%88%A9%E9%BA%B5-138412806231899/,,ChIJkRVZm5KrQjQRddHUeGL3mK0
巷弄早午餐,內湖區,早午餐,02 2794 9028,,,ChIJP20UK06tQjQR6ZAFeuioAHA
帝拉摩地中海舒食料理 Telamo 古亭店,中正區,義大利料理,02 2392 5200,https://telamo.com.tw/locations?branch=telamo,,ChIJWzVrzpupQjQRofikAqvFsrc
拱心意義大利麵,南港區,義大利料理,02 2651 7217,https://m.facebook.com/BestRegards150/,,ChIJXatc2l-rQjQRzG-NGQJTKrM
拾米屋 SheMe house,北投區,咖啡廳,02 2892 2800,http://www.sheme.tw/,,ChIJxYT9xlGuQjQRcOe6AcacQoI
拾米屋咖哩店 - SheMe House Curry,北投區,酒吧/餐酒館,02 2892 6040,http://www.sheme.tw/,,ChIJgW7nPkWuQjQRGwTLuQU2QaI
拾味料理所,萬華區,中式料理,02 2308 8208,https://www.facebook.com/profile.php?id=61555786900423&mibextid=ZbWKwL,,ChIJP6NKrxmpQjQRaRqLKrx4pDc
拾悅,中山區,義大利料理,02 2518 5711,https://www.facebook.com/ShiYuepasta?mibextid=LQQJ4d,,ChIJGZIfql6pQjQRBGtx5s6uTAM
故宮晶華,士林區,中式料理,02 2882 9393,http://www.silkspalace.com.tw/,,ChIJoTVYRDusQjQRL1K7oCgJ7Sk
星期五美式餐廳 信義餐廳,信義區,美式料理,02 2720 3579,https://tgifridays.com.tw/,,ChIJQeGuX7mrQjQRaWkzgt7mxpU
映 我家廚房,中山區,小酒館/餐酒館,02 2517 0596,https://www.facebook.com/InOurSweetKitchen/,,ChIJAcyaLl-pQjQRFIx0zUGxMgo
春月日式食堂,南港區,日式料理,02 2793 4781,https://liff.line.me/1645278921-kWRPP32q/?accountId=chunyue,,ChIJb-YU9VmrQjQRLmKZkT7twr0
春稻生活館＆搭伙伴簡餐,大安區,日式料理,02 7751 9130,,,ChIJycE7ppGpQjQRoxr2WRerTm0
春霖小食,士林區,火鍋,02 2885 4088,,,ChIJk7sai7evQjQRSu7Q7UCAlzg
柏穀德精選BuonGusto stile di vita LaLaport南港店（概念咖啡廳）,南港區,披薩,02 7701 7705,https://www.buongustoltd.com/,,ChIJayeQKzerQjQRl_1lCzPVisE
柚子早餐屋（原西門町柚子早餐屋）,大同區,早午餐,02 2370 2022,https://www.facebook.com/youzibreakfast/,,ChIJt9SF166pQjQRNsm7WmAS218
柚子花花客家菜(台北店),中山區,中式料理,02 2521 8601,https://www.facebook.com/UefafaHakkaCusine.TPE/?ref=page_internal,,ChIJ757aX8-pQjQRLOrjWHzw6RM
洋朵義式廚坊-重慶店,中正區,義大利料理,02 2331 6268,,,ChIJu-MHpQypQjQR7dsnov85OYA
洋城義大利餐廳-東森廣場北車店,中正區,義大利料理,02 2375 1899,https://www.facebook.com/YunChenRestaurant,,ChIJD1-a0iipQjQRDOCUK4nQB8Y
洋庭坊義大利麵,中正區,義大利料理,02 2370 2377,,,ChIJAbHaEnOpQjQRFwWBq3E33QM
活海鮮私廚（預約制需提前預約）,松山區,海鮮料理,02 2718 9319,https://linkbio.co/5060207XfX1Wq?utm_source=instabio&utm_medium=share,,ChIJZxaW3SOrQjQRGzm1zwc6r2U
流金歲月紅茶餐坊,萬華區,咖啡廳,02 2332 6106,https://www.facebook.com/%E6%B5%81%E9%87%91%E6%AD%B2%E6%9C%88-1620582854853836/,,ChIJZe-3S7qpQjQRomolCrIbqkM
為什麼手工窯烤披薩,大同區,披薩,0989 308 978,https://www.facebook.com/WHYPIZZA,,ChIJVVVVVUipQjQR8kTMBy3VP3c
狠雷早午餐店,,早午餐,02 2826 2079,https://www.facebook.com/%E7%8B%A0%E9%9B%B7%E6%97%A9%E5%8D%88%E9%A4%90%E5%BA%97-%E5%8E%9F%E6%97%A5%E4%B9%85%E6%97%A9%E5%8D%88%E9%A4%90%E5%8E%9A%E5%91%B7%E5%8E%9D%E9%82%8A-100378165051093,,ChIJNeTcl5OuQjQRMFuU1uEJ4MM
皇室吉利堡早午餐,士林區,早午餐,02 2833 5969,https://www.facebook.com/RoyalZhiShan/,,ChIJ1-Wc9pauQjQRhLUP8eyr3c4
皇宴天成,松山區,小酒館/餐酒館,02 2579 0556,,,ChIJTWxPJwCrQjQRsW2qLn4sGmo
相思起小館,北投區,中式料理,02 2894 2916,https://www.facebook.com/%E7%9B%B8%E6%80%9D%E8%B5%B7%E5%B0%8F%E9%A4%A8-136142527158858/,,ChIJb4TLv3KvQjQR880suB_3bBY
約翰廚房-約翰pasta,內湖區,義大利料理,02 8751 0802,https://www.facebook.com/NEIHU.JOHN.PASTA/timeline,,ChIJe50ImmKsQjQRbCA7Gi8qELg
紅木屋-文山熱炒推薦,文山區,中式料理,02 2939 9706,https://lin.ee/VzIRGeZ,,ChIJNWsI2DEAaDQRFnzkcY3c-c8
紅豆食府 信義店,信義區,中式料理,02 8789 2929,https://rsv.skm.com.tw/groups/skm-xinyi/companies/-KsqaUb1U_CGncVPQV7m/restaurants/-KsqaUbvMW4rE7XJK17l/waiting?date=2021-11-22&groupSize=2,,ChIJKSJypLCrQjQRAoJz0Xzwx-U
紅豆食府 SOGO天母店,士林區,中式料理,02 2833 2208,http://www.shanghaishanghai.tw/,,ChIJ7y2qTJeuQjQROi3wxaUmtKA
紅厝客家小館,松山區,中式料理,02 2747 6013,https://www.facebook.com/%E7%B4%85%E5%8E%9D%E5%AE%A2%E5%AE%B6%E5%B0%8F%E9%A4%A8-199757990078819/,,ChIJsZJ6bZerQjQRIA2E-nlty_g
紅番茄義大利麵,信義區,義大利料理,02 8786 1558,,,ChIJHc1h5KOrQjQRdE567poPAI0
紅橘子精緻早午餐 松山光復店,松山區,早午餐,02 2747 7566,http://www.redorange.com.tw/,,ChIJXwIAEsCrQjQRO_D-58dbng0
紅橘子精緻早午餐 松山敦北店,松山區,早午餐,02 2367 2228,http://www.facebook.com/FreshUrDay,,ChIJ5xVtqKSrQjQRoQMrty023io
紅橘子精緻早午餐 信義虎林店,信義區,早午餐,02 2765 1515,http://www.redorange.com.tw/,,ChIJwxtW1ZirQjQR65ZbRCb6bk0
美加茶園Mei-Jia Tea,文山區,中式料理,02 2938 6277,,,ChIJjec7IywAaDQRPy7SXHADnno
美好拾光cafe&brunch,內湖區,早午餐,02 2627 0986,http://facebook.com/light09866,,ChIJgV9nKrWtQjQRSJnLTjDC7eU
美好食光～早,內湖區,早午餐,0980 112 226,,,ChIJk2QGnWKsQjQRry6CO34BVm8
美食屋早餐店-士林人氣必吃早餐 推薦熱門銅板美食 好吃早午餐店 便宜好吃 好評 早餐首選,士林區,早午餐,02 2836 7375,,,ChIJVVVVVbyuQjQREGHUKfS5gd4
美婆婆早午餐,萬華區,早午餐,02 2304 0559,,,ChIJv4QTYa6pQjQRZrq0wJGdJdY
美術系壽司-台北景美店,文山區,壽司,02 2934 8089,https://m.facebook.com/431310670770582/,,ChIJzzjYlLyrQjQRNJlRP5_wfbw
胃太小私房菜,士林區,中式料理,02 2836 1557,,,ChIJEZLberGuQjQRWJ5reNTAf_g
背包廚房手工披薩咖啡屋,中正區,披薩,02 2312 2508,https://www.facebook.com/sweet.as.kitchen/,,ChIJKSngp6apQjQRjAqJOgmmS_4
胖老闆丼飯,北投區,日式料理,02 2893 1955,https://www.facebook.com/100052050115986,,ChIJFeXl2q2vQjQRfAwG7jZnWwU
苒冉小食光,南港區,咖啡廳,02 2788 9639,http://www.facebook.com/ranran2019,,ChIJf50NbS6rQjQRA1tq004DNZs
英仕堡精緻早午餐汀州店,中正區,早午餐,02 2362 1086,https://www.facebook.com/p/%E8%8B%B1%E4%BB%95%E5%A0%A1%E6%97%A9%E9%A4%90%E6%B1%80%E5%B7%9E%E5%BA%97-100057279977198/?locale=zh_TW,,ChIJeXcmPb-pQjQR5nrekqtJ-9E
英吉利私房料理(預約制),中山區,海鮮料理,02 2322 5252,https://yingjili.weebly.com/,,ChIJXw3oGNWpQjQR4CS7NTPdKss
茉莉漢堡,士林區,美式料理,02 2872 5357,,,ChIJZTNGjn2uQjQRtvfe01IHnzA
食光機芝山店,士林區,健康餐盒,02 2832 1111,https://www.ubereats.com/taipei/food-delivery/%E9%A3%9F%E5%85%89%E6%A9%9F/oPw7vbEqQeuzX9KtAUsFzw?pl=JTdCJTIyYWRkcmVzcyUyMiUzQSUyMkxhbmUlMjAyMDklMkMlMjBHb25nZ3VhbiUyMFJvYWQlMjIlMkMlMjJyZWZlcmVuY2UlMjIlM0ElMjJFa0ZNWVc1bElESXdPU3dnUjI5dVoyZDFZVzRnVW05aFpDd2dRbVZwZEc5MUlFUnBjM1J5YVdOMExDQlVZV2x3WldrZ1EybDBlU3dnVkdGcGQyRnVJREV4TWlJdUtpd0tGQW9TQ1FNS3E4NWVya0kwRVhpbzczOTVtaG1yRWhRS0VnbDNTMXB4RjY1Q05CR0xVclpaRGNTekNnJTIyJTJDJTIycmVmZXJlbmNlVHlwZSUyMiUzQSUyMmdvb2dsZV9wbGFjZXMlMjIlMkMlMjJsYXRpdHVkZSUyMiUzQTI1LjEyNzc0MjglMkMlMjJsb25naXR1ZGUlMjIlM0ExMjEuNTA4Njc2JTdE&utm_source=menu-maker,,ChIJD_w8zSavQjQRdGub8mniLZU
食時樂,內湖區,親子餐廳,02 6609 0131,https://page.line.me/322ruxvp,,ChIJk1zYdgCtQjQRxm0I58yBV_c
食彩櫻,中山區,日式料理,02 2502 9948,http://syokusaisakura.blog.fc2.com/,,ChIJbSZ392CpQjQRBZs4WRXqAmc
食朝 早午餐,中山區,早午餐,02 2522 1298,https://www.facebook.com/profile.php?id=100063831440966&mibextid=ZbWKwL,,ChIJKeGCQ0qpQjQRZejvSTWWybg
食肆天 民權西店,中山區,早午餐,02 2595 5537,,,ChIJi5TjC82pQjQRO4YwDB6S7WA
食樂波,南港區,新加坡料理,0926 451 068,https://www.facebook.com/SLPatNangKang/,,ChIJew2-LO2tQjQR00p4FijVT3M
食趣廚房,松山區,早午餐,0963 582 652,,,ChIJoavv1J2rQjQR2yzSRLI0rrY
首爾韓國正統家庭,,韓式料理,02 2502 3893,http://www.facebook.com/seoul.korean.family.restaurant/,,ChIJoa5sLuGrQjQRjKcNahanV24
香投咖啡 Sanntou Café,內湖區,咖啡廳,02 2793 2989,https://www.facebook.com/sanntoucoffeetaipei/,,ChIJx6VEiIysQjQRl1-AZvg5blw
夏可義式廚房,松山區,義大利料理,02 2546 7625,,,ChIJfV2lw-erQjQRm6B_784t6do
家佳珍台越早午餐（萬大店）Quán ăn Việt Nam,萬華區,早午餐,02 2302 0677,,,ChIJuTU_NCGpQjQR5uMkGre2UGE
家味小食館,中正區,中式料理,02 2383 2159,,,ChIJDyWkHfapQjQRrmFV4rkp_Xo
家家客家菜館,大安區,中式料理,02 2393 3130,https://www.facebook.com/gagahakka/,,ChIJ8yP_QoKpQjQRg2nYx1ZNIpI
家庭快炒(原南京快炒),北投區,中式料理,02 2897 1228,,,ChIJ830GGuurQjQR7mLKUI8hJ4E
家庭私廚,松山區,韓式料理,0926 743 848,,,ChIJvcFODQCrQjQRbRWTClHzfvo
島語 台北漢來店,南港區,自助餐,02 2788 1568,https://www.hilai-foods.com/brand-content/41,,ChIJNc0LPgutQjQRrSvB7evg2BE
師廬伙食團(師大崇德社),大安區,中式料理,02 2363 6434,,,ChIJr5ZNfo-pQjQR7FfHlssLPqY
捌零年代早餐控,信義區,早午餐,02 2758 6321,https://www.facebook.com/%E6%8D%8C%E9%9B%B6%E5%B9%B4%E4%BB%A3%E6%97%A9%E9%A4%90%E6%8E%A7-440536263157476/,,ChIJr_6qg_SrQjQRWfXMIFi6_iU
旅人日誌咖啡-信義店,信義區,咖啡廳,02 2720 6658,https://www.facebook.com/%E6%97%85%E4%BA%BA%E6%97%A5%E8%AA%8C%E5%92%96%E5%95%A1-%E4%BF%A1%E7%BE%A9%E5%BA%97-711677309041156/,,ChIJwZpX2-arQjQRucgFA5icKqA
時刻饗聚MF,士林區,咖啡廳,02 2833 0003,,,ChIJpYbj68uvQjQRZLG0BiLciQ4
時時香 南港車站店,南港區,中式料理,02 2782 2589,https://ricebar.com.tw/,,ChIJiU_ciEyrQjQRtt_BLln5Cdo
時線咖啡店,萬華區,咖啡廳,02 2308 1078,http://www.tlck.webnode.tw/,,ChIJ2_5-3sKpQjQR5n5Zz9aZW8o
晉江茶堂,中正區,中式料理,02 8369 1785,,,ChIJcTzuDJqpQjQRNXZGU1vYgnA
格里歐's三明治Grilled Sendwish,大安區,輕食,02 2778 0662,https://www.facebook.com/grilledsendwish,,ChIJm55L88arQjQRBcIEuwL0fCc
泰珍寶,文山區,泰式料理,02 2935 9015,https://www.facebook.com/%E6%B3%B0%E7%8F%8D%E5%AF%B6%E6%B3%B0%E5%BC%8F%E6%96%99%E7%90%86-988605801198983/,,ChIJt-3CuAaqQjQRd3Wlu02XqPo
泰美利,南港區,泰式料理,0912 209 312,,,ChIJe_etemGrQjQRY1pzHrksaZ0
泰迪農園咖哩 復興店,大安區,日式料理,02 8772 6099,https://www.mulino.tw/tw/brand/teddyfarm,,ChIJsQ90xYWrQjQRJJDWGPfOH6U
泰集 微風信義店,信義區,泰式料理,02 2722 8618,https://inline.app/booking/-Nxqty3HndSlfhKyeasG:inline-live-3/-NxqtyIQ44dabaDwYuEJ,,ChIJPbbLlLurQjQReNJaofMjXFE
海和宜食坊,萬華區,日式料理,0984 080 519,,,ChIJq6lxyBCpQjQRi9hvghO2pwk
海派私房菜 八德店,松山區,中式料理,02 2731 9988,https://lin.ee/nfxdTF2,,ChIJcXuBAfarQjQRgsHCE1nmWj0
海絲迪亞早午餐,北投區,早午餐,0910 930 326,https://www.facebook.com/HesTiaChuFang?mibextid=ZbWKwL,,ChIJ_____wyvQjQRpaVH3_xFs8I
烤肉公園新燒烤餐酒館圓山花博店 Meating@Park 早午餐 甜點 下午茶 小酌聚餐 包場外帶外送 Taiwan Taste BBQ Bistro Restaurants 台湾ビストロ 대만식 비스트로,中山區,法式料理,0966 258 720,https://www.facebook.com/profile.php?id=61550799364301,,ChIJcwGG9GOpQjQRZ7qJ08UaTm4
特別早午餐店,中山區,早午餐,02 2501 8702,,,ChIJX2Z7UOGrQjQRBgLon4s0m-A
珠麗月比薩屋,中山區,披薩,02 2595 8586,,,ChIJd-IJ2lupQjQRjPvCsfu0MDI
真珠-台灣佳味 京站店,大同區,台式料理,02 2552 6898,http://www.jinzhu.com.tw/,,ChIJwQvTceOpQjQRhxBKSCWjU6A
秘食咖啡-士林店,士林區,早午餐,02 2883 5250,https://miss-cafe.com/TITg9,,ChIJBeLlLLeuQjQRTCByYfH5R6g
茱莉金牛排餐酒館,大安區,牛排館,02 2368 0986,https://www.facebook.com/LE-SAGE-%E8%8C%B1%E8%8E%89%E9%87%91%E7%89%9B%E6%8E%92%E9%A4%90%E9%A4%A8-113875963688652,,ChIJ6SD9j1OpQjQR9PEGhor-D9c
茶屋 內湖店,內湖區,日式料理,02 7747 2978,http://tsutaya.com.tw/wired/Menu_CHAYA.php,,ChIJv16VFF6sQjQRLJu9Vbmdlrw
草根早午餐 TOUCH WOOD,大安區,早午餐,02 2368 6060,https://www.facebook.com/touchwood0527/,,ChIJY3i29NypQjQRMWie_rFJrAw
草莓亭炒飯麵 鍋燒麵 小火鍋 蛋包飯 義大利麵,中正區,中式料理,0965 336 660,,,ChIJJft9PLapQjQRCCVH72BcpsQ
酒膳,中山區,日式料理,02 2515 2821,https://www.facebook.com/pages/%E9%85%92%E8%86%B3/197147116965535,,ChIJe52_KFmpQjQR-4_5Sov1CxM
馬友友印度快餐店 Dhaba by MIK,松山區,印度料理,0921 004 175,https://www.indianfoodtaiwan.com/,,ChIJ_VhAK9GpQjQRgkQFRTEdgDE
馬友友印度廚房內湖店,內湖區,印度料理,02 8792 1292,https://www.facebook.com/%E5%85%A7%E6%B9%96%E9%A6%AC%E5%8F%8B%E5%8F%8B%E5%8D%B0%E5%BA%A6%E9%A4%90%E5%BB%B3-Mayur-Indian-Kitchen-101928942623383/,,ChIJg7t8FAutQjQRazEswhlCqTE
馬可的地中海料理教室&馬可私廚,士林區,地中海料理,,https://line.me/R/ti/p/@075qgovt,,ChIJjdG_wRuvQjQR5Yz3qI5MtFw
馬各 早餐 午餐 飲品 美食 餐廳 Restaurants,北投區,早午餐,02 2820 9093,https://mage-breakfast.weebly.com/,,ChIJr4g2UO2uQjQRUgP5aDo8NiM
馬克與鐵鍋-小巨蛋店,松山區,西式料理,02 2719 3319,https://liff.line.me/1645278921-kWRPP32q/?accountId=745gwatx,,ChIJc1XPj76rQjQRZvGXOQPchqA
高家涼麵,大安區,韓式料理,02 2771 4679,https://www.facebook.com/GaoJiaLiangMian/,,ChIJecUBgterQjQRTxEAqqoA6-U
偷食兔 (原晨與食),士林區,早午餐,0968 202 826,https://instagram.com/toastii_morning,,ChIJeVODq7GvQjQRgmGoszsMioU
叄石咖啡,南港區,咖啡廳,,https://www.facebook.com/ThreeStonecafe,,ChIJHUTpSPyrQjQRmW7FqwLszd4
康爐,萬華區,台式料理,02 2381 6171,https://www.instagram.com/kangluky6808?igsh=cncza3NvNmZnbHZr&utm_source=qr,,ChIJkTIGMZepQjQRx2j4MkjgDUE
得意漢堡簡餐,大同區,早午餐,02 2552 9339,,,ChIJYQhsO0CpQjQRG0boedJsYpw
御珍鮑,文山區,中式料理,0983 676 575,https://www.facebook.com/ujb.restaurant/,,ChIJwZylKgOqQjQR1ONe3dVlxWs
御壽司屋,中山區,日式料理,02 2523 8895,,,ChIJD30Yle_QDRQRggRrSoWdMlw
晧克 西門紅樓店,萬華區,早午餐,0903 410 956,https://www.facebook.com/%E6%B5%A9%E5%85%8B%E5%81%A5%E8%BA%AB%E6%97%A9%E9%A4%90%E5%AE%B5%E5%A4%9C-377990699520806,,ChIJu8ID9XOpQjQR85CE0md5Je4
晨食早餐,文山區,早午餐,02 2930 3530,https://www.facebook.com/morningeat,,ChIJdRIngx2qQjQRGasnCOK3gh4
晨間美味,信義區,早午餐,02 2726 3386,,,ChIJj-s2p6arQjQRHqs_haitRUg
晨間廚房 文山景美店,文山區,早午餐,02 2934 6263,https://www.mk2000.com.tw/,,ChIJsf-yqnqrQjQRIyEp5YcPOfk
晨間廚房早午餐信義莊敬店,信義區,早午餐,02 2758 5883,https://www.mk2000.com.tw/,,ChIJc9pPyL-rQjQRW7zdHUpM5mg
晨蒔早午餐,南港區,早午餐,0972 719 338,,,ChIJ4dxcbACrQjQR4-lpNc0dsyo
涮乃葉 忠孝明曜店,大安區,日式料理,02 2711 7229,https://syabuyo.com.tw/,,ChIJ15hDyfirQjQRZwSjeRbhiyc
淘憩時光親子餐廳・義大利麵・手作燉飯・現烤鬆餅,中山區,義大利料理,02 2507 1065,https://www.facebook.com/cozytaipei/,,ChIJoaP21WOpQjQRujwXUxC4FME
清晨吐絲,中山區,早午餐,02 2100 2378,,,ChIJ6W_qRqypQjQRZuOTMEFl0mM
甜椒義麵屋,大同區,義大利料理,02 2556 9587,,,ChIJj0YqfmypQjQRTVDvYpKciog
第二好吃私房菜,中山區,台式料理,02 2564 3869,https://www.facebook.com/numbertwofood/,,ChIJq6qqqrOuQjQRGGwRH9rZtlU
荳內早食,內湖區,早午餐,02 2797 6806,https://lin.ee/m90OGFl,,ChIJ1WUPDWatQjQRRiMWuoZaHT8
荷蘭小鬆餅長安本店,大同區,早午餐,02 2552 3252,https://www.instagram.com/poffertjescafe_taiwan?igsh=cno1bmVlZGN4bm5s&utm_source=qr,,ChIJgYYQ1m2pQjQRC3kF1MNEAdM
荷蘭小鬆餅南西中山店,大同區,早午餐,02 2552 7796,https://www.instagram.com/poffertjescafe_taiwan?igsh=cno1bmVlZGN4bm5s&utm_source=qr,,ChIJ-wUCBWypQjQRIaIsMTPpavY
莊記泡沬紅茶,信義區,中式料理,02 2720 6440,https://www.facebook.com/Chuanggi303/,,ChIJiS1A5bSrQjQRpOLKXFAJ5oA
莫克漢堡（致遠店）Moke'sburger 石牌手拍牛肉美式漢堡,北投區,早午餐,02 2822 2622,https://www.facebook.com/%E8%8E%AB%E5%85%8B%E6%BC%A2%E5%A0%A1%E5%8C%97%E6%8A%95%E8%87%B4%E9%81%A0%E5%BA%97-107715101842709/,,ChIJu0e7w4KvQjQRq4xvG6v0RSQ
覓旅咖啡豆坊 Miu Cafe mill,內湖區,咖啡廳,02 2634 1277,https://www.facebook.com/MiuCafeMill/timeline,,ChIJeZBg-LysQjQRUIFdxOEt6fU
豚之家豬排丼飯咖哩專賣店,士林區,日式料理,02 2889 2270,https://www.facebook.com/ChitakaSL/,,ChIJ1fo5o4CuQjQR7dwli9l2__0
野餐廚房 PIQUE NIQUE,松山區,小酒館/餐酒館,02 2715 5995,https://www.instagram.com/pique.2015/,,ChIJWb03nierQjQRpejWhMmr8c4
陶板屋 台北光復南店,,日式料理,02 2741 1600,https://www.tokiya.com.tw/,,ChIJT1w6Ay6qQjQRGGGPvH4mtwk
陶板屋 台北南京東店,,日式料理,02 2504 1711,https://www.tokiya.com.tw/,,ChIJsaCgs2GpQjQRtzFg7ZFwbnk
陶板屋 台北重慶南店,中正區,牛排館,02 2382 6788,http://inline.app/,,ChIJd2lnDKCpQjQReTq7BQlF8Kc
陶板屋 新北投光明店,北投區,日式料理,02 2894 0925,https://www.tokiya.com.tw/,,ChIJb3wiSkWuQjQRYj2ArhtpNoU
雪花咖啡,,咖啡廳,0922 435 895,https://www.facebook.com/Living-cafe69-%E9%99%B8%E7%8E%96%E7%94%9F%E6%B4%BB%E5%92%96%E5%95%A1%E9%A4%A8-%E9%97%9C%E6%B8%A1%E5%92%96%E5%95%A1%E5%BB%B3-101982125153863,,ChIJ_-065R-vQjQRoUqFIWnhKW0
鳥玩義兒 義式蔬食料理,北投區,義大利料理,02 2891 7029,https://www.facebook.com/NiaoWanYiR/?fref=ts,,ChIJ15iOqwuvQjQRkN4jrjvfVY4
鹿境早午餐 Arrival Brunch & Cafe - 早午餐推薦,松山區,早午餐,02 2717 0007,https://www.facebook.com/%E9%B9%BF%E5%A2%83%E6%97%A9%E5%8D%88%E9%A4%90-Arrival-Brunch-Cafe-258614234701994/,,ChIJ64OIuRurQjQRmUn-_uzcCX0
麥町吐司工房,北投區,早午餐,02 2858 6700,http://www.mt-toast.com.tw/,,ChIJu-Tf4WyvQjQR_mFKKQET9s8
麥町吐司工房 台北中華店 鐵板煎烤早午餐,萬華區,早午餐,02 2308 8203,,,ChIJ3VX5I0-pQjQR9kCJSkG4rhU
麥麥Pasta,士林區,義大利料理,02 2888 2995,,,ChIJtZekn-2vQjQRDYBKtMBcfNo
麥當勞,北投區,早午餐,02 2821 0533,https://www.mcdonalds.com/tw/zh-tw.html,,ChIJPQVttPGuQjQRUCAZG1JpEh4
麥當勞-台北動物園三餐廳,文山區,早午餐,02 8661 7111,https://www.mcdonalds.com/tw/zh-tw.html,,ChIJL-BJs3aqQjQRLgXRc-JrSIk
麻媽家(東湖店),內湖區,中式料理,02 6604 1798,https://lin.ee/HL7XFS1,,ChIJyxaRjvCtQjQRUvo5xvwyXWk
凱莉咖啡,大同區,咖啡廳,02 2552 7076,https://www.facebook.com/kellycafekellycafe,,ChIJZSv_zxOpQjQRRSfyFuLBQl0
凱蒂窩KatieHouse,大同區,複合式料理,02 2598 0586,http://www.facebook.com/katiehouse0935934415,,ChIJyWoJeMmpQjQRi6xQIJ11JzI
凱撒披薩 Caesar's pizza 北投店,北投區,披薩,02 2891 9019,https://instagram.com/caesar_pizza2023?igshid=ZGUzMzM3NWJiOQ==,,ChIJ2Utf-w6vQjQRQ8mVOO7G0Mg
喜悅研磨咖啡,中正區,咖啡廳,02 2381 5391,https://www.facebook.com/pages/%E5%96%9C%E6%82%85%E7%A0%94%E7%A3%A8%E5%92%96%E5%95%A1/106811762734119,,ChIJMVu1t6apQjQR9goIOcVeXgc
喜憨兒ENJOY 臺北餐廳,信義區,咖啡廳,02 2720 5208,http://www.c-are-us.org.tw/,,ChIJXVRz3LmrQjQRKegWh0b_Z1E
喬叔廚房 JOE’S Kitchen Taipei,信義區,美式料理,02 2346 0028,https://www.facebook.com/JKTaipei/,,ChIJ7ZE0TY6rQjQRiR01mYOYUG8
喬園二店,北投區,中式料理,02 2893 0405,https://chiaoyuan100.weebly.com/,,ChIJFQ8SCVSuQjQRrzHKmu_3xZg
喬園六店,北投區,中式料理,02 2892 2207,https://lin.ee/v4JDfzo,,ChIJYcHQnuuvQjQRdiFiLqMaXnE
喬園海鮮料理餐廳,北投區,中式料理,02 2891 1249,https://chiaoyuan100.weebly.com/,,ChIJe20-7lOuQjQRzfKxBZfB19E
堤香義大利麵,大安區,義大利料理,02 2366 1385,https://www.facebook.com/TitianPasta/timeline,,ChIJM7TkUo-pQjQRjgS-tZAS4mo
堤諾義大利比薩 Tino's Pizza 士林中正店,士林區,義大利料理,02 2883 3398,http://www.tinospizza.com.tw/,,ChIJ49jwO6OuQjQRgcoE7lXY6HY
堤諾義大利比薩 Tino's Pizza 台北民生店,中山區,義大利料理,02 2515 3488,https://www.tinospizza.com.tw/,,ChIJS-R5rb2rQjQReug97pzvbvc
堤諾義大利比薩 Tino's Pizza 台北莊敬店,信義區,披薩,02 2758 9578,http://www.tinospizza.com.tw/,,ChIJ5xQ-lbWrQjQRpzY6q-nj004
堤諾義大利比薩 Tino's Pizza 台北濟南店,中正區,披薩,02 2358 1708,http://www.tinospizza.com.tw/,,ChIJUXFiE3ypQjQR9ljQT__0TZU
婷婷咖啡簡餐,大安區,咖啡廳,02 2754 7002,https://m.facebook.com/Ting2Cafe/,,ChIJyS57aNGrQjQRhRLHxCfDLdU
富錦樹咖啡 FUJIN TREE CAFE 中山店,中山區,咖啡廳,02 2563 5225,https://www.fujintreeshop.com/,,ChIJYTRs14SpQjQRJDdLAaR3eeU
富錦樹咖啡 FUJIN TREE CAFE 富錦店,松山區,咖啡廳,02 2749 5225,https://www.facebook.com/fujintree353cafe/,,ChIJv1KTkfKrQjQRc6i4XnPpsTY
富馨園麵食館,大安區,中式料理,02 2706 4558,https://www.facebook.com/%E5%AF%8C%E9%A6%A8%E5%9C%92%E9%BA%B5%E9%A3%9F%E9%A4%A8-160345124021176/,,ChIJkShx5tOrQjQRODXXuXo8FnI
嵐迪義大利麵館,中正區,義大利料理,02 2365 1488,,,ChIJm4aDbVqpQjQRpsCZrk8C5WA
彭家園,大安區,中式料理,02 2704 5152,https://drive.google.com/drive/folders/16BagS4iMuKsAZdcxdt87HFiSeuVU4guP,,ChIJN1pOu82rQjQRa9l4gzGSjEQ
復唧集時尚咖啡廳,大同區,咖啡廳,0988 032 166,https://www.facebook.com/%E5%BE%A9%E5%94%A7%E9%9B%86-130474287866763/,,ChIJjXjbqvqpQjQRe_vZGgCX438
復興早餐店 ~ since2003,,早午餐,0938 391 709,http://m.me/deliverbreakfast,,ChIJMayfDv8BaDQR9e9dCxGwiTw
斐得蔬食 VERDURE 松山店-松山健康蔬食,松山區,蔬食料理,02 2547 5989,https://www.facebook.com/profile.php?id=61576705607066,,ChIJbeUxL9KrQjQR5-ForQjUEIQ
普莉斯咖啡館 please CAFE,中山區,咖啡廳,02 2568 1416,https://www.facebook.com/%E6%99%AE%E8%8E%89%E6%96%AF%E8%8C%B6%E9%A4%A8-Please-cafe-324688927559186/,,ChIJ-83o02CpQjQRIGwCuy_3VRU
景美萬隆愛上愛莉早餐店,文山區,早午餐,02 8931 0008,,,ChIJha6tBRWrQjQRN6BNI5PygTo
晴天廚房,中正區,日式料理,02 2396 8689,,,ChIJmwpiaz6pQjQRYyvkztdE-tA
晴空巷珈琲,松山區,咖啡廳,02 3765 2388,https://zh-tw.facebook.com/narikucafe,,ChIJhZRGaI2rQjQRZvpe4QeIxq8
朝九晚五早午餐,北投區,早午餐,0925 006 020,https://instagram.com/9to5__brunch?r=nametag,,ChIJnbAX7X-vQjQRcGSZHxpaCeo
朝早來Day,北投區,早午餐,0927 998 768,https://www.facebook.com/comeearly1208,,ChIJy_eZROGvQjQRVCS92xM-GDo
朝食虎嚥,,早午餐,02 8732 1138,,,ChIJkTe9EtyrQjQRjDlvFKYndvI
朝晨商號 行天宮總店,中山區,早午餐,02 2567 7955,https://www.facebook.com/%E6%9C%9D%E6%99%A8%E5%95%86%E8%99%9F-117078263545840/,,ChIJkXmB6HqpQjQRygUWxUU8K9o
森小館,信義區,中式料理,02 2763 2246,,,ChIJV_710NSrQjQRA6HzeyEA6fs
森尼班克 早午餐,信義區,早午餐,02 2577 7072,,,ChIJ38Z2RDCrQjQR5E2vtA5pIwk
植愛 Succulent Cafe & Food Lab,萬華區,咖啡廳,02 2311 6198,http://www.succulenttaipei.com/,,ChIJwZViteGpQjQRCQo51O1XaCA
毳食堂（週三公休）,中山區,日式料理,02 2541 2501,https://www.instagram.com/threemao2024?igsh=MWlmYndiZG9lZ3MxdQ==,,ChIJ72LnPACpQjQRqSEXHfjBLtg
游家牛排,南港區,牛排館,0970 475 577,,,ChIJCSZkC7utQjQRK_9ffo482Iw
湘民小館,松山區,中式料理,02 2577 5886,,,ChIJYzKdXeqrQjQRXga3f1NvrHI
湛盧咖啡 市府館,信義區,咖啡廳,02 2763 9909,https://www.zhanlu.com.tw/storeinformation/,,ChIJvU8_KbmrQjQRW5_bCp7WaKs
滋立Mizu料亭鍋物 - 中山 火鍋,中山區,日式料理,02 2581 7776,https://inline.app/booking/-OTUv6nbANw3RSj-Lhlg:inline-live-3/-OTUv7Qk4S3-VhX_Ps3i,,ChIJ8R7p8mipQjQR4J3PHLfBw84
無名-中西式早點,北投區,早午餐,02 2858 8124,,,ChIJDypQ2IuvQjQRq-eDcQ_5cBU
窗邊Cafe-天母店,士林區,咖啡廳,02 2874 4607,https://www.facebook.com/%E7%AA%97%E9%82%8ACafe-101685131689316,,ChIJlRLq_1KvQjQRmicDEWFo5ak
粟米肉粒 (Sumirouli) 忠孝本店 Kitchen & Cafe,大安區,早午餐,02 2721 8268,https://www.facebook.com/Sumirouli.ZH,,ChIJp8GEIdarQjQRi6KPoxJh3vA
粥大福-北投明德店,北投區,中式料理,02 2823 7887,https://imenu.com.tw/JhouDaFu/JOUDAFUBeitou/menu,,ChIJ3bz08_qvQjQRXVGylC9WPUA
粨一桌食藝料理,南港區,無菜單料理,02 2788 7565,,,ChIJ87f1t3CrQjQRG3fIJco7190
絕佳早午餐BRUNCH BOX,大安區,早午餐,0906 527 195,https://www.facebook.com/Full-Burger-1264935383671515/,,ChIJo2peVeKrQjQRHa-2qDUQDZI
舒晨元氣早午餐,信義區,早午餐,02 2723 3396,,,ChIJ7y0tbACrQjQR5Fxqc3fhdZQ
菊園日本料理,北投區,日式料理,02 2895 9533,https://zh-tw.facebook.com/Kikuzono,,ChIJp6pzjVauQjQR3wK3qFsVtCY
菲立斯自助餐,中正區,自助餐,02 2351 7787,,,ChIJ0aVR2n6pQjQRJ3oqiho-A7E
萊茵堡西餐,中山區,咖啡廳,02 2506 0308,,,ChIJ-YXcumGpQjQR8N25y9YO6cw
萊億庭-韓食一號店,中山區,韓式料理,0911 625 517,,,ChIJQ8uWB7qpQjQR2hLoWwIq_AY
象園咖啡內湖店,內湖區,早午餐,02 2792 6080,https://www.facebook.com/elephantgardencafe,,ChIJfepvyousQjQRq2rFXvS-esU
貳樓師大店,大安區,美式料理,02 2365 6222,,,ChIJTwJKgoWpQjQReeg0Zb8cNts
賀甲小館,內湖區,中式料理,02 2570 0280,https://www.facebook.com/%E8%B3%80%E7%94%B2%E5%B0%8F%E9%A4%A8-%E4%BE%BF%E7%95%B6%E9%BA%B5%E9%A3%9F%E6%BB%B7%E5%91%B3-108857610888931/,,ChIJzWjUJXCtQjQRpwqoZQmZZG0
越玖玖美食館,南港區,越南料理,02 2782 2699,,,ChIJ_3izqXqrQjQR6F1ea3qYVRI
越鄉越式料理-石牌店Hong cam,北投區,越南料理,02 2822 3514,,,ChIJxWmbSMyvQjQRoq46JvZE6RU
越鄉越南美食館,士林區,越南料理,02 2832 2568,,,ChIJecEDcryuQjQRlzgPktMs_40
鄉間小路粵式燒臘茶餐廳,松山區,港式料理,02 2712 7797,https://www.facebook.com/%E9%84%89%E9%96%93%E5%B0%8F%E8%B7%AF-107000245414300/,,ChIJByT-uV2rQjQROTvsDM0n_iw
開心早午餐 飯糰 （原昆陽街9號今點飯糰阿姨）,南港區,早午餐,0909 900 923,,,ChIJwRr3TWSrQjQRigAgEvCHNWM
開飯川食堂 微風南山店,,中式料理,02 2345 1686,https://www.kaifun.com.tw/,,ChIJ-wKaXQmrQjQRQb8Z4HatwGU
開嗑早午餐,,早午餐,02 2358 1225,http://www.facebook.com/MISSBURGER201411/,,ChIJGYlbGRSpQjQR9B4D0XHOPQY
閒人義麵屋,中山區,義大利料理,02 2517 8141,https://iding.app/59156f,,ChIJ_9Fb2FipQjQR7nBu9dypyCk
陽光68吐司工房,內湖區,早午餐,02 2657 9292,https://www.ubereats.com/tw/store/%E9%99%BD%E5%85%8968%E5%90%90%E5%8F%B8%E5%B7%A5%E5%9D%8A/bpsVMlDwT8yuie6jf__YeQ,,ChIJoS4QV4isQjQRv8pdqPI7V20
陽光廚坊,內湖區,便當,02 2658 5559,https://www.facebook.com/%E9%99%BD%E5%85%89%E5%BB%9A%E5%9D%8A-507185155985053/,,ChIJR-GbSXusQjQRGliZVJ6iaSE
雅咪早午餐,信義區,早午餐,02 2764 7777,,,ChIJy3PWcr2rQjQRKCD9nc_zRCo
集客人間茶館-民權店,中山區,複合式餐飲,02 2599 3178,https://www.facebook.com/gktea888/,,ChIJtVpEo1upQjQRb1_0kc7FT2c
集客人間茶館-東興店,松山區,茶館,02 2528 7718,https://www.facebook.com/gktea888/,,ChIJ12eM2ZWrQjQRDLcoyTxlV6I
雲昭日式料理,,日式料理,02 2502 1461,http://fb.com/unshyo,,ChIJceHuUESpQjQRmDe1J9pgaH4
傳承茶蝦飯 我家客家小館,北投區,中式料理,02 2895 2219,,,ChIJxULym_SuQjQRQ7nEiSrGRm8
傳統早點 - 蚵仔麵線 蘿蔔糕,,中式料理,02 2640 2531,,,ChIJn3IggpOrQjQRojO-xzfPM0I
奧蘿茉咖啡館(OROMO cafe)北車店自烘咖啡,中正區,小酒館/餐酒館,02 2311 7070,https://www.facebook.com/oromocafe4/,,ChIJqWJME3OpQjQRdOe9NBSVV34
媽妳講親子餐廳 (MONEY JUMP),內湖區,美式料理,02 2792 1156,https://moneyjump.com.tw/,,ChIJoZlomYarQjQRQ6dO-drU7eg
媽咪廚房Mami's Kitchen～好吃泡菜團購中！,文山區,早午餐,02 2239 2950,https://portaly.cc/mk22392950,,ChIJDVF49WaqQjQRUj2c4bMNJgQ
媽寶堡早午餐,萬華區,早午餐,0907 521 107,https://www.facebook.com/profile.php?id=100064267354723,,ChIJd0Ai4PupQjQRBBDSC6oR2uU
微笑路早餐咖啡館,信義區,早午餐,02 2749 1219,,,ChIJlW8c9NOrQjQRwXfEVs7MUt8
愛吃不吃早餐屋,萬華區,早午餐,02 2302 5447,,,ChIJoahR0oepQjQRVNd3kPWJoGc
愛幸福Love Happiness,士林區,其他,02 2872 1234,https://m.facebook.com/Love.HappinessLightfood/,,ChIJq18eZoeuQjQRAFv_4NskjTw
愛欣早午餐,中正區,早午餐,02 2341 4845,,,ChIJmd8uVZ2pQjQR5iGV-SIgMro
搖滾披薩 中山店,中山區,披薩,02 2521 9990,http://www.pizzarock.com.tw/,,ChIJyxmxJjapQjQRkFmrxLXbyrk
搖滾披薩 台北八德店,松山區,義大利料理,02 2577 7730,http://www.pizzarock.com.tw/,,ChIJw-2FysGrQjQR_AXKzyHqtJ0
新天堂義大利廚房,大安區,義大利料理,02 2362 6641,https://www.facebook.com/Pasta-Paradiso-%E6%96%B0%E5%A4%A9%E5%A0%82%E7%BE%A9%E5%A4%A7%E5%88%A9%E5%BB%9A%E6%88%BF-200051286739003/,,ChIJNXGKfI-pQjQREYi3qrSEcM8
新東南海鮮餐廳 汀州店,中正區,海鮮餐廳,02 2301 4239,http://www.taipei-seafood.com.tw/,,ChIJtT-8VKOpQjQRRpmHnNwXNog
暖窩咖啡內湖店,內湖區,咖啡廳,02 2796 5712,https://shop.cozyhousecoffee.com/,,ChIJvwoWOPKsQjQRzIBGBU9MBmo
會員制思源廳,文山區,其他,,https://www.tpa.edu.tw/,,ChIJqREtagCrQjQRUA2olqckivo
極簡咖啡館,大安區,咖啡廳,02 2362 9734,https://www.facebook.com/%E8%B2%93%E5%AD%A9%E5%9C%A8%E6%A5%B5%E7%B0%A1%E6%A5%B5%E7%B0%A1%E5%92%96%E5%95%A1%E9%A4%A8-271265149663167/,,ChIJT7RMuYWpQjQReKLqtP2lOuw
源味軒,內湖區,中式料理,02 2796 7951,,,ChIJhWnr7vKsQjQRES1FXX2pnsY
溢香園 天母店,士林區,中式料理,02 2871 7755,http://facebook.com/YishangGarden1979/,,ChIJSYikpICuQjQRpY6eZ4R1rQg
溥善園精緻蔬食,文山區,蔬食料理,02 2931 8099,,,ChIJfajrth2qQjQREw2yHvSI4og
溫暖 Atatakai,信義區,日式料理,02 2767 6568,https://www.facebook.com/%E6%BA%AB%E6%9A%96-Atatakai-3007331562614110/,,ChIJXzMwsu6rQjQRhDtSbCcsrOE
瑞山韓食,內湖區,韓式料理,02 2799 2446,https://www.facebook.com/pages/%E7%91%9E%E5%B1%B1%E9%9F%93%E5%BC%8F%E7%B0%A1%E9%A4%90/197198696980261,,ChIJiX-e62WsQjQRulviC-ig9Ng
瑞記海南雞飯 內湖成功店,內湖區,東南亞料理,02 8792 2955,http://ruikee.tw/,,ChIJ8fV-LIGsQjQRUOES7t37eaA
瑞麟美又美 (興隆老店),文山區,早午餐,02 2931 8663,,,ChIJi3rVcBGqQjQR6KHE0qLoBFk
萬伽香麗山店,內湖區,早午餐,02 2658 4588,,,ChIJMe320WWsQjQRIfRGMeO8qIA
筷子餐廳,大安區,中式料理,02 2775 4488,https://www.chopstickstw.com/,,ChIJySwN8durQjQRpe5ndb5Zriw
筷炒KUAICHAO,信義區,中式料理,02 2758 0520,,,ChIJSZ89XCmrQjQRlzpduQTbttA
義大利米蘭手工窯烤披薩 台北中山店,中山區,披薩,02 2502 0902,,,ChIJ_daWjWCpQjQR07ZxjRhveNE
義大利麵之家,中山區,義大利料理,02 2503 8367,https://www.fonfood.com/store/153173,,ChIJM1ijOOKrQjQR8nw62mDRZQM
義古義麵坊 itkuit pasta,士林區,義大利料理,0908 909 220,,,ChIJCzz295yvQjQR-bNUowKAZDo
義式屋古拉爵 南港中信店,南港區,義大利料理,02 2789 2688,http://www.grazie.com.tw/,,ChIJE72ms6esQjQRuSHvDphXXL8
義舍廚房,松山區,披薩,0965 353 777,https://www.facebook.com/amanotaipei,,ChIJbRvocVarQjQRmZput_DV98I
義家人_六張犁,大安區,義大利料理,0900 188 968,https://m.facebook.com/%E7%BE%A9%E5%AE%B6%E4%BA%BApasta-221366981713225/,,ChIJ8U512jaqQjQR-hxDu-hsn08
義麵小舖,北投區,義大利料理,02 2823 1126,,,ChIJ2fhFKvGuQjQRRSRQo2qPl10
義麵屋Spaghetti House,信義區,義大利料理,02 8780 1818,,,ChIJh9QhurSrQjQRdHodS4q_VwE
義麵盒子,中山區,義大利料理,02 2592 8515,,,ChIJf4o6DESpQjQRe4r2jC-OyMY
義饗食堂,大安區,義大利料理,02 7735 5089,https://www.justsleephotels.com/NTU/tw/diningsandmeetings,,ChIJuyk2l4qpQjQRILRCQId5ZZA
葉子異國小廚坊,北投區,義大利料理,02 2898 8186,https://www.facebook.com/LaFoglia0401/,,ChIJS55Pk1euQjQRphqEK5PBdAM
蒂蒂茄 咖啡 早午餐,松山區,早午餐,0913 299 208,https://tworder.app/695529,,ChIJw3qwMeurQjQR5Vk1VnIOzvY
誠序臺菜料理,松山區,中式料理,02 2742 0358,https://www.instagram.com/chenghsu2024/profilecard/?igsh=cmZtMHluNGR1a2Ux,,ChIJb1kO44urQjQRzV4MAunKAII
路燈咖啡 師大店,大安區,咖啡廳,02 2365 5000,https://www.facebook.com/pages/%E8%B7%AF%E7%87%88%E5%92%96%E5%95%A1-Light-Caf%C3%A9%E5%B8%AB%E5%A4%A7%E5%BA%97/558330720866241?ref=hl,,ChIJfXP7YIWpQjQRzDo5v6WPkac
農人餐桌,中正區,親子餐廳,02 2322 3716,https://afarmtable.com/,,ChIJo5uKl5ipQjQRUDGwOBCHUWs
遇見 ice to meet you,文山區,烘焙/甜點,02 8931 8001,https://www.facebook.com/icetomeetyou18/,,ChIJvzfj0wKqQjQRtegvs93SKHQ
遊霂食光 MuMu Land,萬華區,親子餐廳,0976 295 428,https://www.facebook.com/MumuLand727,,ChIJM9l4kmOpQjQR9DEpCZWOlCM
達利早餐Daily Breakfast-士林後港店,士林區,早午餐,02 2881 2360,http://dailybreakfast.com.tw/dishes/,,ChIJvd6f0s2vQjQRPzJ0BzzpY-A
達利早餐Daily Breakfast-信義崇德店,信義區,早午餐,02 8732 0158,https://dailybreakfast.com.tw/,,ChIJTRicQQCrQjQRBHyd8x0yRj0
雍記小館,內湖區,中式料理,02 2630 8056,https://www.facebook.com/pages/%E9%9B%8D%E8%A8%98%E5%B0%8F%E9%A4%A8/475422979217877,,ChIJncHR9LysQjQRaDB5UcHUjp8
飽包肉蛋吐司早午餐,松山區,早午餐,02 2731 6505,https://www.facebook.com/%E9%A3%BD%E5%8C%85%E8%82%89%E8%9B%8B%E5%90%90%E5%8F%B8-110436720349637/,,ChIJm5Q1-6GrQjQRdM7qR3ypyWM
嘉廚 Collective Excellent restaurant,中山區,異國料理,02 2563 5900,,,ChIJb9CZ9m6pQjQRZ7PgTEtMDOo
對味廚房銀光食驗室,北投區,歐陸料理,0965 219 119,https://m.facebook.com/thematchkitchenlab/,,ChIJh95A0_mvQjQRNWUI5vSVcfw
滿佳香,士林區,早午餐,02 2882 5820,,,ChIJZxTUNKWuQjQRslb5hyPdbtg
滿腹早午餐專門店,中山區,早午餐,02 2511 6429,https://store.dudooeat.com/order/store/d1c9667948cc46ef991f3bdcca52fe7b,,ChIJn88TuBGpQjQRBBZpVwyaIco
漁人巷海鮮餐酒館,內湖區,小酒館/餐酒館,02 2630 7220,https://www.facebook.com/share/18t2ab25vS/?mibextid=wwXIfr,,ChIJg_WonMKtQjQR4YMFdeW1ew4
漢來上海湯包 台北LaLaport南港店,南港區,中式料理,02 2782 0978,https://www.hilai-foods.com/branch-mobile/85,,ChIJvabsVgCtQjQREpAnLpTQfYM
漢來名人坊 台北世貿店,,中式料理,02 2723 2938,https://www.hilai-foods.com/brand-content/7#branch-5,,ChIJ-1lG2OerQjQRSHGYpgyTSSY
漢堡王 Burger King 兒童樂園店,士林區,美式料理,02 2831 9922,https://www.burgerking.com.tw/,,ChIJ2fF1Rb-uQjQR0aeFiyky7Mc
漢陽韓式陶盤烤肉 한양불고기전문점 來自韓國30年的家傳口味,大安區,小酒館/餐酒館,02 2771 1220,https://www.facebook.com/Hanyang1996,,ChIJX5WUMgCrQjQRuIJBSfVDolc
漫步藍咖啡 台北龍山店,,咖啡廳,02 2338 0120,https://www.ramble-cafe.com/pages/stores,,ChIJORAIagCpQjQRIsLsekfQeZg
漫時生活,內湖區,義大利料理,02 2658 0370,https://inline.app/booking/-MtY40F7vqmBZWGT2j1T:inline-live-2/-MtY40TAov6r7Q_8Vg0P?language=zh-tw,,ChIJ90YV0NytQjQRu7MgOPDCZkc
瑪莉珍比薩 台大店,大安區,披薩,02 2365 5222,http://www.maryjanepizza.com/,,ChIJXT0da4mpQjQREM-Snt6purU
福七早餐FUCHI-民生店,松山區,早午餐,02 2712 6898,https://www.facebook.com/%E7%A6%8F%E4%B8%83%E6%97%A9%E9%A4%90Fuchi-112842471174433,,ChIJ-zZSZhyrQjQRldSj2tMwmzQ
福二漢堡製造所,中正區,早午餐,02 2363 1212,,,ChIJtzG55OipQjQRhCHciyEWGIM
福來早餐 芝山店,士林區,早午餐,02 8866 1331,https://www.facebook.com/breakyfast,,ChIJk0RGDkOvQjQRhMZtJ439N1U
福來許珈琲館 Fleisch Café,大同區,咖啡廳,02 2556 2526,https://inline.app/booking/-M0Gcpb_dPI6wqYdLBL8:inline-live-1/-M0GcpfcNHUp7WTYiVkL?language=zh-tw,,ChIJbbiochSpQjQRuFAr8phgl2U
福迪兄弟,中山區,早午餐,02 2593 6673,,,ChIJA716gFmpQjQRYMLD41p-xws
綠色舞動 微風南京店,松山區,健康餐盒,0989 573 265,https://lin.ee/74Se0cK,,ChIJawiLIGGrQjQRXjfuz42WHf8
綠色舞動 旗艦店,中山區,健康餐盒,,https://lin.ee/kvFIMjV,,ChIJ6wpUyd-pQjQRWljHRBfZLFw
綠野仙蹤Wonderland cafe,北投區,咖啡廳,02 2820 3666,https://m.facebook.com/LuYeXianZongWonderlandCafe/?locale2=zh_TW,,ChIJwxIRHY6uQjQRqjTgoMGf1kQ
維納斯早午餐,信義區,早午餐,02 2758 5800,https://liff.line.me/1645278921-kWRPP32q/?accountId=559eydyg,,ChIJg6SXInOrQjQR0TeE2kHQl4E
綻.食,大安區,早午餐,02 8732 6565,https://bloom-brunch40.weebly.com/,,ChIJ11IzQQCrQjQRXMuU_jFCqmM
聚聚樂,北投區,中式料理,02 7701 1777,https://www.marriott.com/hotels/hotel-information/restaurant/tpebe-aloft-taipei-beitou/,,ChIJUxfMbFauQjQRSwBqz9ahGgU
臺北科技大學-綠光庭園,大安區,複合式餐飲,02 8772 2320,https://www.facebook.com/%E5%8F%B0%E5%8C%97%E7%A7%91%E5%A4%A7%E5%AD%B8%E7%94%9F%E9%A4%90%E5%BB%B3-113106487142942,,ChIJsUWRSBSpQjQREQpfu4sF6z0
蒜香廚房,士林區,中式料理,02 2873 8182,https://www.facebook.com/%E8%92%9C%E9%A6%99%E5%BB%9A%E6%88%BF-1914782988762119/?ref=aymt_homepage_panel,,ChIJNUp4XH2uQjQR93Dl_lCII7o
蓁好呷精緻早午餐,南港區,早午餐,02 2651 3277,https://menubar.tw/menu/EBvzHW9bvIpM,,ChIJjdNf2l6rQjQRidJ37QS6uhs
說故事創義麵餐酒館-中山餐酒館,中山區,小酒館/餐酒館,02 2100 1321,https://reurl.cc/O5m87X,,ChIJnSXOBSapQjQREypodLqU1NQ
輕鬆餐廳,北投區,複合式料理,02 2898 1636,,,ChIJpYd6QkWuQjQRB3XO_o5xjMw
鄞家食堂,松山區,小酒館/餐酒館,02 2507 6000,https://yinhomefood.weebly.com/,,ChIJozVmlq2rQjQRdEDj-K0Sd7I
銀象雲泰美食館 Thai food（內湖店 ）,內湖區,泰式料理,02 2658 8018,,,ChIJFzLed3-tQjQRIODWFrDiERk
銘傳越南美食,士林區,越南料理,0967 103 616,,,ChIJr3PdVCupQjQR7m9_pCmXPpM
閣樓 LOFT,中山區,小酒館/餐酒館,02 2506 0313,https://page.line.me/439dghsg,,ChIJNffyV_mpQjQR984ZMEudiyE
韶光慢咖啡,北投區,咖啡廳,02 2891 7803,,,ChIJh_3Ri7OvQjQRHEgSF9W2rjA
儂來台菜宴,中山區,中式料理,02 2511 3265,https://page.line.me/dsa1263p,,ChIJ61710V2pQjQR5npI5jQjsvY
厲家菜 宮廷御膳料理,信義區,中式料理,02 8729 2638,https://www.facebook.com/FamilyLiTaipei,,ChIJQwRQpLurQjQR6lEpD6oYP-o
廚｡嚐咖啡,松山區,早午餐,02 2579 0868,,,ChIJSQGJ-umrQjQR7lmiulaJ3Jc
廚房客家美食,松山區,中式料理,02 2546 5186,https://www.facebook.com/%E5%BB%9A%E6%88%BF%E5%AE%A2%E5%AE%B6%E7%BE%8E%E9%A3%9F-Kitchen-426650797470753/,,ChIJw9FlzOerQjQRPGPvmFNDRYU
樂子the Diner 南港店,南港區,美式料理,02 2788 3330,,,ChIJkwFdzqesQjQRKG_OT1ubKVg
樂子the Diner 瑞安店,大安區,美式料理,02 2700 1680,,,ChIJvU5mgSmqQjQR0WhA_Zruk5E
樂芙味蔬食料理,內湖區,蔬食料理,02 2659 1781,https://www.facebook.com/lovewayvege/,,ChIJ4c6jWmOsQjQRlsmQu2VQd8c
樂莉漢堡Laley Burger 明德店,北投區,早午餐,02 2828 2885,https://www.facebook.com/LaleyBurger03,,ChIJJw7IGEKvQjQRLYd-Qa7tXd0
樂野食,萬華區,小酒館/餐酒館,02 2388 8088,https://lin.ee/IYPjnwK,,ChIJc0dWY9erQjQR8RN1CdS7npE
樂湖Le lakeshore,內湖區,歐式料理,02 8792 8221,https://inline.app/booking/-N9ol0f1DpsgfAmiOPTi:inline-live-1/-N9ol0uyM_tAcXJkIrPV,,ChIJ-2J0amatQjQREtiVMjZoflE
樂雅樂餐廳 北投店,北投區,日式料理,02 2897 6248,https://www.royalpark.com.tw/,,ChIJe3eA6VauQjQRFuDwSEBoX9w
樂雅樂餐廳 生技園區店,南港區,家庭餐廳,02 2783 7669,https://www.royalpark.com.tw/,,ChIJ0TklDKqrQjQRLAWzZf2HNbI
樂雅樂餐廳 西湖店,內湖區,家庭餐廳,02 8751 5272,https://www.royalpark.com.tw/,,ChIJ1Tm3LDetQjQRRF48aBxvHzQ
樂雅樂餐廳 南港店,南港區,日式料理,02 2783 1861,https://www.royalpark.com.tw/,,ChIJU0O98aesQjQRXsDcaOW-mzw
樂雅樂餐廳 站前店,中正區,美式料理,02 2371 3128,https://www.royalpark.com.tw/,,ChIJk0uU_XKpQjQRtLULt5DMK6c
樂雅樂餐廳 敦化店,松山區,日式料理,02 2546 1931,https://www.royalpark.com.tw/,,ChIJvWWkxO6rQjQRHf_zc9VTcAE
樂滴咖啡 LD Bistro,萬華區,韓式料理,0921 871 291,,,ChIJYaNwACGnQjQRUiQZSttcSUE
樂漢堡美式餐廳 台北大安店,大安區,美式料理,02 2708 0117,http://facebook.com/LovssBurger5,,ChIJI71_lI2rQjQRrSioo980a-I
樂澄日式食堂,內湖區,日式料理,02 2797 9536,,,ChIJKRzEs5KtQjQRglm9M9RwAFA
樂麵屋 永康公園店,大安區,拉麵,02 2327 8007,http://rakumenya.com.tw/,,ChIJEwcHsompQjQR3ugzIiiF4Ro
歐吧早午餐,大安區,早午餐,02 2369 8417,,,ChIJDaM7WI6pQjQR9A52NpFPC84
歐家宴,中山區,中式料理,02 2571 9283,http://oujiayan.blogspot.tw/,,ChIJ_ewBSVmpQjQRmdUnMSiJeC8
漿糊蛋餅,內湖區,早午餐,0972 252 718,https://www.facebook.com/JiangHu.Egg.Pancake.Roll/,,ChIJW2D1JEitQjQRolDbuGooYMs
潘蜜拉義麵舖,士林區,義大利料理,02 2874 2322,https://www.instagram.com/pamels_pasta?igsh=MTc2bm8zaHRuamRlZA==,,ChIJneQc9IeuQjQR3L3v2XHbdPk
澄食小人屋《湖光店》,內湖區,日式料理,02 2794 3699,https://www.0227943699.com/,,ChIJc-_1Bo2sQjQRYH4iH8hugo0
澄食小人屋2《江南店》內湖美食 內湖restaurant 內湖日本料理 內湖生魚片 內湖日本料理 內湖壽司,內湖區,日式料理,02 8792 0069,https://www.0227943699.com/,,ChIJ0SWCQk-tQjQRNhAexjHgLBg
熬SAUCE PASTA,北投區,義大利料理,02 2821 2229,https://www.instagram.com/ao.sauce?igsh=d25qdDExczd0eWty&utm_source=qr,,ChIJE6pSBwCvQjQRRNoPVXOd6xU
熱胖子菠蘿,信義區,早午餐,02 2502 2220,https://www.facebook.com/hotfatman01a/,,ChIJN7u1IFmpQjQRA4oJMtB10R0
稻舍食館 迪化店,大同區,中式料理,02 2550 6607,https://www.rice1923.com/,,ChIJazuHbz6pQjQRGGRLxz2VfIQ
稻舍食館 統一時代店,信義區,中式料理,02 2722 4210,https://www.rice1923.com/,,ChIJS6tN5nCrQjQRViIItrTnwug
稻舍食館 微風信義店,信義區,中式料理,02 2723 8001,https://www.rice1923.com/,,ChIJsZoO7FOrQjQR8x55hLnwBDU
穀磨粒早午餐,,早午餐,0989 107 380,,,ChIJQZWTNdwBaDQReIeQLUb-z0g
締佳早餐坊,北投區,早午餐,0910 368 490,,,ChIJgzVQplavQjQRbh_AqjBCobE
蔓尼義大利麵坊 MANNY PASTA,文山區,義大利料理,02 2935 8111,,,ChIJjU-lbvmrQjQRlrj_HPvPCtU
蔬食百匯（首都松山店）,松山區,蔬食料理,02 2766 6123,https://www.facebook.com/VGestpizza,,ChIJX9vpOJWrQjQR5z5MEo3SAD4
蝦太太,信義區,中式料理,02 2767 5252,https://www.facebook.com/groups/mrsshrimp,,ChIJw96R4MyrQjQR8Yxjqehlj1o
蝸牛義大利餐廳 天母店,士林區,義大利料理,02 2872 9300,http://www.snail-italy.com/,,ChIJfWGyPn2uQjQR64K_LG8uJ8Y
談天園,文山區,中式料理,02 2936 8167,https://www.facebook.com/%E8%B2%93%E7%A9%BA-%E8%AB%87%E5%A4%A9%E5%9C%92%E8%8C%B6%E5%9D%8A-416729488504148/,,ChIJhUvUfS0AaDQR68OSQ6AYPow
豬ㄟ早午餐,大安區,早午餐,0966 422 676,https://www.facebook.com/%E8%B1%AC%E3%84%9F%E6%97%A9%E9%A4%90%E5%BA%97-386347728520969/,,ChIJD7erO62pQjQRb2M5ixAxGic
輪輪の町,南港區,早午餐,02 2389 8118,http://www.dcl1976.com/,,ChIJ_7jfabatQjQRLDiWGhlmVp0
醇食客 手作工坊-自家烘焙麵包手作早午餐,內湖區,烘焙/甜點,02 2630 5728,https://iding.tw/stores/f42f00a4/menu,,ChIJy6sQz9OtQjQRg5A3z4nw6fk
餘溫貓咪咖啡食堂,北投區,咖啡廳,02 2891 0302,,,ChIJhSF76gWvQjQRzmu4-0v6RQU
墨羚找食,松山區,早午餐,0917 890 906,https://www.facebook.com/100042410786285/mentions/,,ChIJb9R3OGmsQjQRCy9QrvnKsMU
墨爾本布蕾斯咖啡廳 Melbourne Press Cafe Brunch Coffeeshop Breakfast Food,大安區,早午餐,02 2367 8989,https://www.facebook.com/MelbournePress/,,ChIJN1y6RacCaDQRElenCbyeN2w
墨墨義大利麵 mur-mur pasta,大安區,義大利料理,02 2731 0550,,,ChIJw2YpDYSrQjQR_YfhXM_d_6k
曉食點早午餐,松山區,早午餐,02 2756 8286,,,ChIJlxK-IyurQjQRoy3joEbQwnY
樸樂咖啡【台北東湖店】,內湖區,早午餐,02 2633 6357,https://www.facebook.com/profile.php?id=61556438604769&mibextid=LQQJ4d,,ChIJhfyF0yWtQjQRcoNiOt_CgtU
橘鄉小館,內湖區,中式料理,02 2630 6179,https://facebook.com/pages/category/Restaurant/%E6%A9%98%E5%9C%92%E9%A5%95%E9%84%89-174205059285173/,,ChIJEQc01pesQjQRzU-pUg9Sgik
澳氏咖啡 Aussie Cafe,中山區,烘焙/甜點,02 2521 9192,http://www.aussie-cafe.com.tw/,,ChIJ_8WLFWipQjQRc0d1b_tGhI4
燕子早午餐,信義區,早午餐,02 2720 9688,https://idin.today/store/869,,ChIJzePTwOirQjQRXmb6IQa7-lg
璞田PureTime家庭料理,大安區,台式料理,02 2369 3028,https://www.facebook.com/%E7%92%9E%E7%94%B0PureTime-102826028008386/,,ChIJuamf88ipQjQRJcO86MISxFI
盧杯杯大腸滷肉飯早午餐,北投區,早午餐,02 2892 6733,,,ChIJjQJafUWuQjQRaIB6_-C3nJ8
築本屋,中山區,日式料理,02 2593 2750,https://instagram.com/tsukimotoya?igshid=YmMyMTA2M2Y=,,ChIJ_YwPC1epQjQR98BC-W153lc
舉手漢堡 景美店,文山區,美式料理,02 8935 2818,,,ChIJ_dXqVO2rQjQRVMfTC09VZB0
蕨食堂,信義區,早午餐,02 8780 0039,https://www.facebook.com/mr.oldd/?locale=zh_TW,,ChIJKw3OkqOrQjQRiJLiazReoNI
螢火部落放感情 遠東GARDEN CITY大巨蛋店,信義區,小酒館/餐酒館,02 2528 2588,https://linktr.ee/odin.camping,,ChIJWy4WZgCrQjQRWvWyKD5LOpY
貓之伊甸 Cat In Eden│餐廳 │手工義大利麵專門店 │Bistro（目前店內無貓）,萬華區,義大利料理,02 7709 7168,https://www.instagram.com/cat_in_eden/,,ChIJS1BX-8ypQjQRKTuArzx_I7I
貓空 山中茶-景觀餐廳,文山區,茶館,02 2234 4688,https://m.facebook.com/MT0222344688/,,ChIJp5x9U9UBaDQRrOc_7VNZB48
貓空 四爺 Sih Ye,文山區,中式料理,02 2234 0140,,,ChIJl9YAZZEBaDQR9c8XAqNXvhs
貓空 找茶屋 found.your.tea,文山區,茶館,0911 561 850,http://www.facebook.com/found.your.tea,,ChIJNdc2GH8BaDQRKB38TnUNpwg
貓空小木屋,文山區,咖啡廳,02 2939 0649,https://www.facebook.com/maokong.xiaomuwu/,,ChIJofO6azIAaDQRi73aug91cuE
貓空茶言觀舍,文山區,台式料理,02 2939 8333,https://www.facebook.com/%E8%B2%93%E7%A9%BA%E8%8C%B6%E8%A8%80%E8%A7%80%E8%88%8D-160947713967151/,,ChIJ_Y6YDzIAaDQRRdbdkfSUIPI
貓空清泉廣場 - 附設兒童遊戲室,文山區,中式料理,02 2938 3222,https://mtouch.facebook.com/services_vertical/book_appointment/?page_id=127095977365236&referrer=availability_card&referrer_surface=page,,ChIJPRAiKC4AaDQRXFOh5Sax_WQ
默爾 pasta pizza(台北信義威秀店),信義區,義大利料理,02 2723 0073,https://www.morepasta.com.tw/,,ChIJpzAkec2rQjQRLYceVmNNtq4
優卡輕食You Can Fresh 松江南京店,中山區,早午餐,02 2506 0184,https://linktr.ee/youcanfresh,,ChIJuVj3AcKvQjQRnWJeJIrjPd8
穗月朝食,萬華區,早午餐,02 2338 0008,https://www.instagram.com/yearsbrunch_163/,,ChIJcygQKzKpQjQRaiPlQnZt2s0
餵我早餐 The Whale 大安店,大安區,早午餐,02 2700 3657,https://www.instagram.com/thewhalebreakfast?utm_source=ig_web_button_share_sheet&igsh=ZDNlZDc0MzIxNw==,,ChIJLx1Q4F2rQjQRyPtjjv6rhbg
藍色馬克,士林區,蔬食料理,02 8866 3665,https://www.facebook.com/BlueMarkOne/,,ChIJvw6sVIisQjQR8fOvmVwQxvs
轉角吃早午餐,內湖區,早午餐,02 8791 4728,https://customer.posky.net/store/830db60d-d8f5-4ea4-8496-2fecd03774c0/menu?openExternalBrowser=1,,ChIJUSbwKAKtQjQRG3ViZRUe7RE
雙月食品社 北投店,北投區,中式料理,02 2895 1818,https://www.moonmoonfood.com/CISTopic?g=S00037,,ChIJA9_TFFmvQjQRA-tp1e3KJlo
雞泰炒 《Kanokwan老麵攤總店》 《隱藏版料理》,中山區,泰式料理,02 2501 6151,https://www.facebook.com/TuttiCafeNJTWN/,,ChIJT4KnlrapQjQRXX-2crB-I-8
關於你的早晨,南港區,早午餐,02 6605 8172,https://lin.ee/AVE1waA,,ChIJnxmQysCrQjQR4PuOIqfa5gU
蘇杭365上海餐酒館(北護店),北投區,蔬食料理,02 2828 6828,http://suhung.com.tw/,,ChIJkyEqHImuQjQRpGvyr-VxzF0
覺旅咖啡 西湖店,內湖區,咖啡廳,02 8751 3227,https://www.journeykaffe.org/,,ChIJC8seTm6sQjQR6cLj6hayijk
鐵丸十三堂,南港區,日式料理,02 2654 7008,https://zh-tw.facebook.com/teizumaru13,,ChIJH2mJIHCrQjQRXlTlfa0BWCY
饗樂餐廳 Feast &Fun,大安區,美式料理,02 2325 2074,,,ChIJeauYAfKrQjQRN9q5ZO1xBTo
囍愛義廚館FANCY PASTA,萬華區,義大利料理,02 2388 5551,https://www.instagram.com/fancypasta_no.39?igsh=dXpscnRxNDNhN3B0&utm_source=qr,,ChIJZ-rQtAmpQjQR8EtGCbLhhWM
Add Pasta & Brunch 要加麵嗎義大利麵,松山區,義大利料理,02 2579 0085,https://lin.ee/4GCEPeq,,ChIJvT6WVACpQjQRpcNuwUn23tY
Atlas Brunch & Pasta 亞斯義大利麵,內湖區,義大利料理,02 2631 5200,http://www.facebook.com/Atlas-Brunch-Pasta-%E4%BA%9E%E6%96%AF%E7%BE%A9%E5%A4%A7%E5%88%A9%E9%BA%B5-1975410049215534/,,ChIJ39G4keGtQjQRd5mdfKmFUlA
Bea's Bistro 美式餐館,大安區,美式料理,02 2391 8827,,,ChIJG65ZZISpQjQR7BMW90XtB14
BELLINI Pasta Pasta 台北京站店,大同區,義大利料理,02 2550 3238,http://www.bellinipasta.com.tw/,,ChIJG36LdG2pQjQRkkhTYf4nqLU
best義pasta食堂,中正區,義大利料理,02 2370 2568,https://www.facebook.com/BestYipasta1061216/,,ChIJ4RMwsoqpQjQRnWpQtenAjhw
Brass Joy cafe 銅樂咖啡,大安區,咖啡廳,02 2362 6035,https://www.facebook.com/BrassJoy-cafe-%E9%8A%85%E6%A8%82%E5%92%96%E5%95%A1-1060813753959637/?fref=ts,,ChIJsRFP24upQjQRKE_wfJ0HgkI
BULI不理 港式小餐館,北投區,港式料理,02 2823 9730,https://www.instagram.com/bulibuli.life?igsh=MXR3MXo1NjJ5cXJ5NQ%3D%3D&utm_source=qr,,ChIJtdFgc4uvQjQRpM9s2Wm_6F4
